Food_description,Food_type,Energy (kcal),Water (g),Sugar (g),Vitamin C (mg),Calcium (mg),Carbohydrate (g),Protein (g),Sodium (mg),Vitamin E (mg),Copper (mg),Iron (mg),Magnesium (mg),Phosphorus (mg),Potassium (mg),Zinc (mg),Total Fat (g),Saturated_fat (g),Fiber total dietary (g)
Greens with ham or pork,Other dark green vegetables,44,86.78,0.84,40.5,205,4.68,4.91,370,1.46,0.086,1.1,30,73,303,0.5,1.41,0.27699999999999997,3.6
"Nuts, NFS",Nuts and seeds,605,2.11,4.53,0.4,94,21.04,19.59,313,7.43,0.96,2.78,197,389,603,3.22,53.62,7.598,7.6
"Almonds, NFS",Nuts and seeds,598,2.41,4.86,0.0,268,21.01,20.96,3,23.9,1.099,3.73,279,471,713,3.31,52.54,4.092,10.9
"Almonds, unroasted",Nuts and seeds,579,4.41,4.35,0.0,269,21.55,21.15,1,25.63,1.031,3.71,270,481,733,3.12,49.93,3.802,12.5
"Almonds, salted",Nuts and seeds,601,2.32,4.67,0.0,258,20.18,20.13,386,23.3,1.055,3.59,268,452,685,3.18,53.43,4.336,10.5
"Almonds, lightly salted",Nuts and seeds,604,2.33,4.69,0.0,259,20.28,20.23,195,23.42,1.061,3.6,269,455,688,3.2,53.7,4.3580000000000005,10.5
"Almonds, unsalted",Nuts and seeds,607,2.34,4.71,0.0,260,20.38,20.33,3,23.54,1.0659999999999998,3.62,271,457,692,3.21,53.96,4.38,10.6
"Almonds, flavored",Nuts and seeds,599,2.31,4.65,0.0,257,20.12,20.07,500,23.23,1.052,3.58,267,451,683,3.17,53.27,4.323,10.4
"Almonds, honey roasted",Nuts and seeds,574,1.63,25.01,0.0,181,35.84,14.11,385,17.25,0.741,2.54,188,317,481,2.23,45.34,4.109,7.3
Brazil nuts,Nuts and seeds,659,3.42,2.33,0.7,160,11.74,14.32,3,5.65,1.743,2.43,376,725,659,4.06,67.1,16.134,7.5
"Cashews, NFS",Nuts and seeds,574,1.7,5.01,0.0,45,32.69,15.31,16,0.92,2.22,6.0,260,490,565,5.6,46.35,9.157,3.0
"Cashews, unroasted",Nuts and seeds,574,1.7,5.01,0.0,45,32.69,15.31,16,0.92,2.22,6.0,260,490,565,5.6,46.35,9.157,3.0
"Cashews, salted",Nuts and seeds,578,1.64,4.81,0.0,44,31.4,14.7,399,1.23,2.1319999999999997,5.77,250,471,543,5.38,47.48,9.201,2.9
"Cashews, lightly salted",Nuts and seeds,580,1.64,4.84,0.0,44,31.55,14.78,208,1.24,2.1430000000000002,5.8,251,473,545,5.4,47.72,9.246,2.9
"Cashews, unsalted",Nuts and seeds,583,1.65,4.86,0.0,44,31.71,14.85,16,1.24,2.153,5.82,252,475,548,5.43,47.96,9.293,2.9
"Cashews, honey roasted",Nuts and seeds,558,1.15,25.11,0.0,31,43.7,10.31,394,1.78,1.496,4.07,175,330,381,3.77,41.18,7.519,2.0
Chestnuts,Nuts and seeds,245,40.48,10.6,26.0,29,52.96,3.17,2,0.5,0.507,0.91,33,107,592,0.57,2.2,0.414,5.1
"Coconut, fresh",Nuts and seeds,354,46.99,6.23,3.3,14,15.23,3.33,20,0.24,0.435,2.43,32,113,356,1.1,33.49,29.698,9.0
"Coconut, packaged",Nuts and seeds,456,15.46,36.75,0.0,11,51.85,3.13,285,0.0,0.295,1.51,51,100,361,0.71,27.99,26.396,9.9
Hazelnuts,Nuts and seeds,628,5.31,4.34,6.3,114,16.7,14.95,0,15.03,1.725,4.7,163,290,680,2.45,60.75,4.4639999999999995,9.7
Macadamia nuts,Nuts and seeds,716,1.61,4.14,0.7,70,12.83,7.79,353,0.57,0.57,2.65,118,198,363,1.29,76.08,11.947000000000001,8.0
"Mixed nuts, NFS",Nuts and seeds,605,2.11,4.53,0.4,94,21.04,19.59,313,7.43,0.96,2.78,197,389,603,3.22,53.62,7.598,7.6
"Mixed nuts, unroasted",Nuts and seeds,606,2.64,4.66,0.9,139,23.17,16.96,7,9.68,1.604,4.3,239,459,639,4.03,54.13,7.024,7.6
"Mixed nuts, with peanuts, salted",Nuts and seeds,605,2.11,4.53,0.4,94,21.04,19.59,313,7.43,0.96,2.78,197,389,603,3.22,53.62,7.598,7.6
"Mixed nuts, with peanuts, lightly salted",Nuts and seeds,607,2.11,4.55,0.4,94,21.12,19.66,160,7.46,0.9640000000000001,2.8,198,391,606,3.23,53.84,7.629,7.6
"Mixed nuts, with peanuts, unsalted",Nuts and seeds,610,2.12,4.57,0.4,94,21.21,19.74,6,7.49,0.9670000000000001,2.81,199,392,608,3.24,54.05,7.659,7.6
"Mixed nuts, without peanuts, salted",Nuts and seeds,610,2.54,4.48,0.9,134,22.28,16.31,320,9.66,1.5419999999999998,4.14,229,441,615,3.87,55.09,7.169,7.3
"Mixed nuts, without peanuts, unsalted",Nuts and seeds,615,2.56,4.52,0.9,135,22.46,16.44,7,9.74,1.555,4.17,231,445,620,3.9,55.54,7.228,7.4
"Mixed nuts, honey roasted",Nuts and seeds,578,1.65,20.34,0.3,73,33.21,15.35,388,6.33,0.747,2.18,154,304,472,2.51,46.56,6.5729999999999995,5.9
"Peanuts, NFS",Nuts and seeds,587,1.81,4.9,0.0,58,21.26,24.35,410,4.93,0.428,1.58,178,363,634,2.77,49.66,7.723,8.4
"Peanuts, boiled",Nuts and seeds,318,41.78,2.47,0.0,55,21.26,13.5,751,4.1,0.499,1.01,102,198,180,1.83,22.01,3.055,8.8
"Peanuts, unroasted",Nuts and seeds,567,6.5,4.72,0.0,92,16.13,25.8,18,8.33,1.1440000000000001,4.58,168,376,705,3.27,49.24,6.279,8.5
"Peanuts, roasted, salted",Nuts and seeds,599,1.45,4.18,0.8,61,15.26,28.03,320,6.94,0.5329999999999999,1.52,176,397,726,3.28,52.5,8.655,9.4
"Peanuts, roasted, unsalted",Nuts and seeds,599,1.45,4.18,0.8,61,15.26,28.03,6,6.91,0.5329999999999999,1.52,176,397,726,3.28,52.5,8.686,9.4
"Peanuts, dry roasted, salted",Nuts and seeds,587,1.81,4.9,0.0,58,21.26,24.35,410,4.93,0.428,1.58,178,363,634,2.77,49.66,7.723,8.4
"Peanuts, dry roasted, lightly salted",Nuts and seeds,584,1.8,4.88,0.0,58,21.15,24.23,199,4.9,0.426,1.57,177,361,631,2.76,49.41,7.685,8.4
"Peanuts, dry roasted, unsalted",Nuts and seeds,587,1.81,4.9,0.0,58,21.26,24.35,6,4.93,0.428,1.58,178,363,634,2.77,49.66,7.723,8.4
"Peanuts, honey roasted",Nuts and seeds,572,1.54,16.14,0.0,49,30.02,20.7,349,4.54,0.365,1.35,151,309,539,2.36,45.25,6.975,7.1
"Pecans, NFS",Nuts and seeds,691,3.52,3.97,1.1,70,13.86,9.17,0,1.4,1.2,2.53,121,277,410,4.53,71.97,6.18,9.6
"Pecans, unroasted",Nuts and seeds,691,3.52,3.97,1.1,70,13.86,9.17,0,1.4,1.2,2.53,121,277,410,4.53,71.97,6.18,9.6
"Pecans, salted",Nuts and seeds,690,3.38,3.81,1.1,68,13.31,8.81,383,1.69,1.1520000000000001,2.44,116,266,394,4.35,72.09,6.341,9.2
"Pecans, unsalted",Nuts and seeds,697,3.41,3.85,1.1,68,13.44,8.9,0,1.71,1.1640000000000001,2.46,117,269,398,4.39,72.81,6.405,9.3
"Pecans, honey roasted",Nuts and seeds,637,2.38,24.41,0.7,48,31.03,6.17,383,2.1,0.809,1.73,82,186,277,3.05,58.43,5.515,6.5
Pine nuts,Nuts and seeds,673,2.28,3.59,0.8,16,13.08,13.69,2,9.33,1.324,5.53,251,575,597,6.45,68.37,4.899,3.7
"Pistachio nuts, NFS",Nuts and seeds,572,1.85,7.74,3.0,107,28.28,21.05,6,2.17,1.2930000000000001,4.03,109,469,1007,2.34,45.82,5.645,10.3
"Pistachio nuts, salted",Nuts and seeds,576,1.78,7.43,2.9,103,27.16,20.22,389,2.43,1.242,3.88,105,450,967,2.25,46.98,5.827999999999999,9.9
"Pistachio nuts, lightly salted",Nuts and seeds,579,1.79,7.47,2.9,104,27.3,20.32,198,2.44,1.248,3.9,105,453,972,2.26,47.21,5.857,9.9
"Pistachio nuts, unsalted",Nuts and seeds,581,1.79,7.51,2.9,104,27.43,20.42,6,2.46,1.254,3.91,106,455,977,2.27,47.44,5.886,10.0
"Walnuts, excluding honey roasted",Nuts and seeds,654,4.07,2.61,1.3,98,13.71,15.23,2,0.7,1.5859999999999999,2.91,158,346,441,3.09,65.21,6.126,6.7
"Walnuts, honey roasted",Nuts and seeds,612,2.75,23.5,0.9,67,30.93,10.25,385,1.63,1.069,1.99,106,233,297,2.08,53.87,5.479,4.5
Almond butter,Nuts and seeds,614,1.64,6.27,0.0,347,18.82,20.96,227,24.21,0.934,3.49,279,508,748,3.29,55.5,6.55,10.3
"Almond butter, lower sodium",Nuts and seeds,614,1.64,6.27,0.0,347,18.82,20.96,115,24.21,0.934,3.49,279,508,748,3.29,55.5,6.55,10.3
Almond paste,Nuts and seeds,458,14.08,36.25,0.1,172,47.81,9.0,9,13.54,0.45399999999999996,1.6,130,258,314,1.48,27.74,2.6289999999999996,4.8
Cashew butter,Nuts and seeds,609,2.34,9.09,0.0,61,30.3,12.12,295,5.08,1.758,4.91,206,388,447,4.43,53.03,10.606,3.0
Peanut butter,Nuts and seeds,597,1.18,10.5,0.0,49,22.3,22.5,429,9.11,0.42,1.73,169,339,564,2.54,51.1,10.1,4.8
"Peanut butter, lower sodium",Nuts and seeds,598,1.23,10.49,0.0,49,22.31,22.21,17,9.1,0.42200000000000004,1.74,168,335,558,2.51,51.36,10.325,5.0
"Peanut butter, lower sodium and lower sugar",Nuts and seeds,624,1.58,8.42,0.0,60,18.27,23.5,154,8.58,0.591,2.29,166,342,688,3.01,53.12,10.272,6.4
"Peanut butter, lower sugar",Nuts and seeds,650,1.93,6.35,0.0,72,14.23,24.8,292,8.06,0.76,2.84,164,350,818,3.51,54.89,10.22,7.8
"Peanut butter, reduced fat",Nuts and seeds,520,1.2,9.28,0.0,35,35.65,25.9,540,9.04,0.58,1.9,170,369,669,2.8,34.0,5.76,5.2
"Peanut butter, vitamin and mineral fortified",Nuts and seeds,591,1.47,10.47,0.0,43,18.75,25.72,420,43.2,1.64,16.6,355,368,667,14.4,50.81,10.125,5.6
Peanut butter and jelly,Nuts and seeds,432,15.48,30.86,0.4,28,46.12,11.32,230,4.56,0.215,0.96,88,172,309,1.28,25.56,5.052,2.9
Peanut butter and chocolate spread,Nuts and seeds,497,9.09,34.1,0.0,28,42.75,11.8,306,5.34,0.31,1.58,95,209,380,1.42,34.35,7.813,2.8
"Trail mix, NFS",Nuts and seeds,452,8.8,36.48,0.9,62,51.12,10.9,134,5.5,0.637,2.14,112,298,523,1.99,26.74,3.69,6.5
Trail mix with nuts,Nuts and seeds,600,1.97,4.1,0.6,88,21.18,20.06,252,9.89,1.1059999999999999,3.2,205,543,649,3.75,52.82,7.287999999999999,8.1
Trail mix with nuts and fruit,Nuts and seeds,452,8.8,36.48,0.9,62,51.12,10.9,134,5.5,0.637,2.14,112,298,523,1.99,26.74,3.69,6.5
Trail mix with chocolate,Nuts and seeds,501,5.21,34.85,0.8,80,48.32,11.65,146,5.35,0.6859999999999999,2.16,119,324,490,2.36,32.17,7.006,6.0
"Trail mix with pretzels, cereal, or granola",Nuts and seeds,473,5.57,19.32,1.2,60,50.65,13.09,444,5.38,0.639,3.04,115,319,480,2.21,27.58,3.802,6.1
"Pumpkin seeds, NFS",Nuts and seeds,574,2.03,1.29,1.8,52,14.71,29.84,18,0.56,1.275,8.07,550,1174,788,7.64,49.05,8.544,6.5
"Pumpkin seeds, salted",Nuts and seeds,567,2.01,1.27,1.8,52,14.54,29.49,477,0.55,1.26,7.97,543,1160,779,7.55,48.47,8.443,6.4
"Pumpkin seeds, unsalted",Nuts and seeds,574,2.03,1.29,1.8,52,14.71,29.84,18,0.56,1.275,8.07,550,1174,788,7.64,49.05,8.544,6.5
"Sunflower seeds, plain, unsalted",Nuts and seeds,582,1.2,2.73,1.4,70,24.07,19.33,3,26.1,1.83,3.8,129,1155,850,5.29,49.8,5.218999999999999,11.1
"Sunflower seeds, plain, salted",Nuts and seeds,575,1.19,2.7,1.4,70,23.78,19.1,462,25.79,1.808,3.76,127,1141,840,5.23,49.21,5.157,11.0
"Sunflower seeds, flavored",Nuts and seeds,567,1.15,5.55,1.3,68,25.92,18.45,612,24.92,1.7469999999999999,3.63,123,1103,812,5.05,47.56,4.9830000000000005,10.6
"Sunflower seeds, NFS",Nuts and seeds,582,1.2,2.73,1.4,70,24.07,19.33,3,26.1,1.83,3.8,129,1155,850,5.29,49.8,5.218999999999999,11.1
Sesame seeds,Nuts and seeds,631,3.75,0.48,0.0,60,11.73,20.45,47,1.68,1.4,6.36,345,667,370,6.73,61.21,9.055,11.6
Tahini,Nuts and seeds,595,3.05,0.49,0.0,426,21.19,17.0,115,0.25,1.61,8.95,95,732,414,4.62,53.76,7.529,9.3
Flax seeds,Nuts and seeds,534,6.96,1.55,0.6,255,28.88,18.29,30,0.31,1.22,5.73,392,642,813,4.34,42.16,3.6630000000000003,27.3
Mixed seeds,Nuts and seeds,580,1.41,2.37,1.5,66,21.73,21.96,7,19.72,1.6909999999999998,4.87,234,1160,834,5.88,49.61,6.05,10.0
Chia seeds,Nuts and seeds,534,6.96,1.55,0.6,255,28.88,18.29,30,0.31,1.22,5.73,392,642,813,4.34,42.16,3.6630000000000003,27.3
"Clementine, raw",Citrus fruits,53,85.17,10.58,26.7,37,13.34,0.81,2,0.2,0.042,0.15,12,20,166,0.07,0.31,0.039,1.8
"Grapefruit, raw",Citrus fruits,42,88.06,6.89,31.2,22,10.66,0.77,0,0.13,0.032,0.08,9,18,135,0.07,0.14,0.021,1.6
"Grapefruit, canned",Citrus fruits,36,89.85,8.75,21.8,15,9.15,0.58,2,0.09,0.067,0.41,10,10,132,0.09,0.1,0.013999999999999999,0.4
"Kumquat, raw",Citrus fruits,71,80.85,9.36,43.9,62,15.9,1.88,10,0.15,0.095,0.86,20,19,186,0.17,0.86,0.10300000000000001,6.5
"Lemon, raw",Citrus fruits,29,88.98,2.5,53.0,26,9.32,1.1,2,0.15,0.037000000000000005,0.6,8,16,138,0.06,0.3,0.039,2.8
"Lime, raw",Citrus fruits,30,88.26,1.69,29.1,33,10.54,0.7,2,0.22,0.065,0.6,6,18,102,0.11,0.2,0.022000000000000002,2.8
"Orange, raw",Citrus fruits,47,86.75,9.35,53.2,40,11.75,0.94,0,0.18,0.045,0.1,10,14,181,0.07,0.12,0.015,2.4
"Orange, canned, NFS",Citrus fruits,46,87.27,11.14,33.3,11,11.82,0.6,5,0.1,0.032,0.26,11,10,130,0.5,0.04,0.003,0.7
"Orange, canned, juice pack",Citrus fruits,37,89.51,8.87,34.2,11,9.57,0.62,5,0.1,0.033,0.27,11,10,133,0.51,0.03,0.003,0.7
"Orange, canned, in syrup",Citrus fruits,54,85.04,13.42,32.5,10,14.07,0.59,5,0.1,0.032,0.26,10,10,126,0.48,0.04,0.003,0.7
"Tangerine, raw",Citrus fruits,53,85.17,10.58,26.7,37,13.34,0.81,2,0.2,0.042,0.15,12,20,166,0.07,0.31,0.039,1.8
"Fruit mixture, dried",Dried fruits,298,17.22,66.33,5.5,39,78.62,2.28,32,1.52,0.21899999999999997,1.3,24,64,531,0.28,0.62,0.10400000000000001,4.8
"Apple, dried",Dried fruits,243,31.76,57.19,3.9,14,65.89,0.93,87,0.53,0.191,1.4,16,38,450,0.2,0.32,0.052000000000000005,8.7
"Apricot, dried",Dried fruits,241,30.89,53.44,1.0,55,62.64,3.39,10,4.33,0.34299999999999997,2.66,32,71,1162,0.39,0.51,0.017,7.3
"Blueberries, dried",Dried fruits,317,14.8,67.5,23.8,19,80.0,2.5,3,2.35,0.16,0.9,18,36,214,0.49,2.5,0.2,7.5
"Cherries, dried",Dried fruits,333,16.6,67.15,19.3,38,80.45,1.25,13,0.17,0.22899999999999998,0.68,22,36,376,0.25,0.73,0.146,2.5
Banana chips,Dried fruits,519,4.3,35.34,6.3,18,58.4,2.3,6,0.24,0.205,1.25,76,56,536,0.75,33.6,28.97,7.7
"Currants, dried",Dried fruits,290,17.6,62.28,4.7,88,76.98,3.43,43,0.11,0.298,1.88,36,99,777,0.37,0.22,0.085,4.4
"Cranberries, dried",Dried fruits,308,15.79,72.56,0.2,9,82.8,0.17,5,2.1,0.063,0.39,4,8,49,0.1,1.09,0.08800000000000001,5.3
Date,Dried fruits,282,20.53,63.35,0.4,39,75.03,2.45,2,0.05,0.20600000000000002,1.02,43,62,656,0.29,0.39,0.032,8.0
"Fig, dried",Dried fruits,249,30.0,47.9,1.2,162,63.9,3.3,10,0.36,0.287,2.03,68,67,680,0.66,0.92,0.14400000000000002,9.8
"Mango, dried",Dried fruits,319,16.6,66.27,42.3,0,78.58,2.45,162,4.02,0.3,0.23,20,50,279,0.3,1.18,0.287,2.4
"Papaya, dried",Dried fruits,295,21.42,67.55,32.4,54,75.43,1.25,22,0.8,0.12300000000000001,0.69,56,27,484,0.22,0.84,0.215,4.5
"Peach, dried",Dried fruits,239,31.8,41.74,4.8,28,61.33,3.61,7,0.19,0.364,4.06,42,119,996,0.57,0.76,0.08199999999999999,8.2
"Pear, dried",Dried fruits,262,26.69,62.2,7.0,34,69.7,1.87,6,0.06,0.371,2.1,33,59,533,0.39,0.63,0.035,7.5
"Persimmon, dried",Dried fruits,366,0.86,80.06,4.0,22,96.07,1.54,3,1.94,0.303,0.42,24,45,429,0.3,0.66,0.053,9.6
"Pineapple, dried",Dried fruits,313,15.95,72.94,25.4,35,81.54,1.43,3,0.05,0.295,0.79,32,21,290,0.32,0.47,0.024,3.7
"Prune, dried",Dried fruits,240,30.92,38.13,0.6,43,63.88,2.18,2,0.43,0.281,0.93,41,69,732,0.44,0.38,0.08800000000000001,7.1
Raisins,Dried fruits,299,15.46,65.18,2.3,62,79.32,3.3,26,0.12,0.272,1.79,36,98,744,0.36,0.25,0.094,4.5
"Tamarind, dried",Dried fruits,254,28.26,44.9,0.6,67,66.21,2.52,25,0.09,0.078,2.52,83,102,565,0.09,0.57,0.245,4.6
"Apple, raw",Apples,52,85.56,10.39,4.6,6,13.81,0.26,1,0.18,0.027000000000000003,0.12,5,11,107,0.04,0.17,0.027999999999999997,2.4
"Applesauce, regular",Apples,68,81.98,14.67,1.7,3,17.49,0.16,2,0.18,0.032,0.12,3,6,75,0.03,0.17,0.03,1.2
"Applesauce, unsweetened",Apples,42,88.22,9.39,1.0,4,11.27,0.17,2,0.16,0.027000000000000003,0.23,3,5,74,0.03,0.1,0.008,1.1
"Applesauce, flavored",Apples,68,81.98,14.67,1.7,3,17.49,0.16,2,0.18,0.032,0.12,3,6,75,0.03,0.17,0.03,1.2
Apple pie filling,Apples,100,73.4,13.8,1.7,4,26.1,0.1,47,0.04,0.055,0.29,2,7,45,0.04,0.1,0.0,1.0
"Apple, baked",Apples,112,73.63,18.99,3.9,14,22.7,0.32,4,0.27,0.03,0.19,6,13,114,0.05,3.04,1.8119999999999998,2.5
"Avocado, raw",Other vegetables and combinations,160,73.23,0.66,10.0,12,8.53,2.0,7,2.07,0.19,0.55,29,52,485,0.64,14.66,2.126,6.7
"Banana, raw",Bananas,89,74.91,12.23,8.7,5,22.84,1.09,1,0.1,0.078,0.26,27,22,358,0.15,0.33,0.11199999999999999,2.6
"Banana, fried",Bananas,151,62.35,20.94,7.4,13,32.26,1.19,4,0.19,0.079,0.33,29,24,353,0.16,3.21,1.901,2.8
"Cantaloupe, raw",Melons,34,90.2,7.88,10.9,9,8.16,0.82,30,0.05,0.085,0.38,13,17,157,0.44,0.18,0.051,0.8
"Cassaba melon, raw",Melons,28,91.85,5.69,21.8,11,6.58,1.11,9,0.05,0.06,0.34,11,5,182,0.07,0.1,0.025,0.9
"Grapes, raw",Grapes,69,80.54,15.48,3.2,10,18.1,0.72,2,0.19,0.127,0.36,7,20,191,0.07,0.16,0.054000000000000006,0.9
"Honeydew melon, raw",Melons,36,89.82,8.12,18.0,6,9.09,0.54,18,0.02,0.024,0.17,10,11,228,0.09,0.14,0.038,0.8
"Nectarine, raw",Peaches and nectarines,39,89.0,7.89,2.9,2,9.18,1.06,13,0.61,0.08199999999999999,0.3,9,26,131,0.21,0.28,0.0,1.5
"Peach, raw",Peaches and nectarines,42,88.3,8.39,4.1,4,10.1,0.91,13,0.73,0.078,0.34,8,22,122,0.23,0.27,0.019,1.5
"Peach, canned, NFS",Peaches and nectarines,47,87.24,10.65,2.7,3,11.94,0.43,4,0.44,0.052000000000000005,0.34,6,10,116,0.09,0.09,0.009000000000000001,1.2
"Peach, canned, in syrup",Peaches and nectarines,53,85.68,12.41,2.7,2,13.59,0.4,3,0.45,0.05,0.3,5,9,91,0.08,0.08,0.006,1.2
"Peach, canned, juice pack",Peaches and nectarines,41,88.79,8.89,2.8,4,10.3,0.45,6,0.44,0.054000000000000006,0.39,6,12,141,0.1,0.1,0.012,1.2
"Peach, frozen",Peaches and nectarines,42,88.3,8.39,4.1,4,10.1,0.91,13,0.73,0.078,0.34,8,22,122,0.23,0.27,0.019,1.5
"Pear, raw",Pears,57,83.96,9.75,4.3,9,15.23,0.36,1,0.12,0.08199999999999999,0.18,7,12,116,0.1,0.14,0.022000000000000002,3.1
"Pear, Asian, raw",Pears,42,88.25,7.05,3.8,4,10.65,0.5,0,0.12,0.05,0.0,8,11,121,0.02,0.23,0.012,3.6
"Pear, canned, NFS",Pears,51,86.05,11.81,1.0,5,13.47,0.2,3,0.07,0.049,0.25,5,8,75,0.09,0.06,0.006,1.5
"Pear, canned, in syrup",Pears,57,84.47,13.6,0.9,4,15.15,0.18,2,0.07,0.047,0.2,4,6,49,0.08,0.05,0.002,1.5
"Pear, canned, juice pack",Pears,45,87.63,10.03,1.1,6,11.79,0.23,5,0.08,0.051,0.29,6,9,100,0.1,0.07,0.009000000000000001,1.5
"Pineapple, raw",Pineapple,50,86.0,9.85,47.8,13,13.12,0.54,1,0.02,0.11,0.29,12,8,109,0.12,0.12,0.009000000000000001,1.4
"Pineapple, canned, NFS",Pineapple,54,85.16,13.07,7.1,15,13.91,0.42,2,0.01,0.098,0.42,17,5,141,0.12,0.12,0.009000000000000001,0.7
"Pineapple, canned, in syrup",Pineapple,60,83.56,14.88,7.1,14,15.6,0.4,1,0.01,0.09699999999999999,0.37,17,4,117,0.11,0.11,0.006,0.7
"Pineapple, canned, juice pack",Pineapple,48,86.76,11.26,7.0,16,12.22,0.44,4,0.01,0.098,0.46,18,7,166,0.12,0.12,0.012,0.8
"Pineapple, frozen",Pineapple,50,86.0,9.85,47.8,13,13.12,0.54,1,0.02,0.11,0.29,12,8,109,0.12,0.12,0.009000000000000001,1.4
"Watermelon, raw",Melons,30,91.45,6.2,8.1,7,7.55,0.61,1,0.05,0.042,0.24,10,11,112,0.1,0.15,0.016,0.4
"Strawberries, raw",Strawberries,32,90.95,4.89,58.8,16,7.68,0.67,1,0.29,0.048,0.41,13,24,153,0.14,0.3,0.015,2.0
"Strawberries, canned",Strawberries,92,75.35,21.83,31.7,13,23.53,0.56,4,0.19,0.063,0.49,8,12,86,0.09,0.26,0.013999999999999999,1.7
"Strawberries, frozen",Strawberries,35,89.97,4.56,41.2,16,9.13,0.43,2,0.29,0.049,0.75,11,13,148,0.13,0.11,0.006,2.1
"Apple, candied",Apples,134,66.3,24.17,3.6,39,29.61,1.34,62,0.25,0.025,0.12,8,37,134,0.14,2.15,0.64,1.8
"Plantain, cooked, no added fat",Other starchy vegetables,122,65.01,17.46,15.6,3,31.8,1.3,120,0.0,0.07400000000000001,0.55,36,32,486,0.19,0.35,0.0,1.7
"Plantain, cooked with oil",Other starchy vegetables,144,63.12,16.95,15.1,3,30.87,1.26,116,0.34,0.07200000000000001,0.54,35,31,471,0.18,3.24,0.397,1.6
"Ripe plantain, raw",Other starchy vegetables,122,65.2,17.51,18.4,3,31.89,1.3,4,0.0,0.07400000000000001,0.55,36,32,487,0.19,0.35,0.0,1.7
"Plantain, cooked, fat added, NS as to fat type",Other starchy vegetables,141,63.45,16.95,15.1,3,30.88,1.27,126,0.3,0.07200000000000001,0.54,35,31,472,0.18,2.88,0.721,1.6
"Plantain, cooked with butter or margarine",Other starchy vegetables,137,63.78,16.95,15.1,4,30.88,1.27,136,0.25,0.07200000000000001,0.53,35,32,472,0.18,2.51,1.045,1.6
"Green banana, cooked in salt water",Other starchy vegetables,122,65.01,17.46,15.6,3,31.8,1.3,120,0.0,0.07400000000000001,0.55,36,32,486,0.19,0.35,0.0,1.7
"Green banana, fried",Other starchy vegetables,144,63.12,16.95,15.1,3,30.87,1.26,116,0.34,0.07200000000000001,0.54,35,31,471,0.18,3.24,0.397,1.6
"Cassava, cooked",Other starchy vegetables,191,54.95,1.77,18.2,17,39.62,1.42,146,0.52,0.10400000000000001,0.28,22,28,282,0.36,3.02,0.852,1.9
"Yam, cooked, Puerto Rican",Other starchy vegetables,116,69.92,0.49,12.1,14,27.4,1.49,124,0.34,0.152,0.52,18,49,668,0.2,0.14,0.028999999999999998,3.9
"Tannier, cooked",Other starchy vegetables,141,66.36,0.42,4.0,45,27.55,1.57,143,2.8,0.179,0.57,34,88,616,0.24,2.94,0.818,4.3
"Celeriac, cooked",Other starchy vegetables,68,84.43,1.67,7.1,45,9.58,1.57,235,0.69,0.073,0.73,21,120,313,0.34,3.04,0.857,1.9
"Dasheen, cooked",Other starchy vegetables,141,66.36,0.42,4.0,45,27.55,1.57,143,2.8,0.179,0.57,34,88,616,0.24,2.94,0.818,4.3
"Taro, cooked",Other starchy vegetables,141,66.36,0.42,4.0,45,27.55,1.57,143,2.8,0.179,0.57,34,88,616,0.24,2.94,0.818,4.3
Fufu,Other starchy vegetables,166,60.65,1.09,11.1,31,33.59,1.5,144,1.66,0.142,0.43,28,58,449,0.3,2.98,0.835,3.1
Poi,Other starchy vegetables,120,68.43,0.43,4.1,46,28.45,1.61,12,2.56,0.185,0.59,35,90,635,0.25,0.22,0.044000000000000004,4.4
"Beet greens, raw",Other dark green vegetables,22,91.02,0.5,30.0,117,4.33,2.2,226,1.5,0.191,2.57,70,41,762,0.38,0.13,0.02,3.7
"Beet greens, cooked",Other dark green vegetables,47,87.57,0.52,21.9,122,4.51,2.3,366,1.88,0.19899999999999998,2.68,73,43,794,0.4,2.86,0.7959999999999999,3.9
"Chard, raw",Other dark green vegetables,19,92.66,1.1,30.0,51,3.74,1.8,213,1.89,0.179,1.8,81,46,379,0.36,0.2,0.03,1.6
"Chard, cooked",Other dark green vegetables,44,89.28,1.15,21.9,54,3.9,1.88,353,2.28,0.18600000000000003,1.88,84,48,395,0.38,2.94,0.8059999999999999,1.7
"Collards, raw",Other dark green vegetables,32,89.62,0.46,35.3,232,5.42,3.02,17,2.26,0.046,0.47,27,25,213,0.21,0.61,0.055,4.0
"Collards, fresh, cooked, no added fat",Other dark green vegetables,34,88.55,0.49,26.5,249,5.81,3.24,143,2.42,0.049,0.5,29,27,228,0.22,0.65,0.059000000000000004,4.3
"Collards, frozen, cooked, no added fat",Other dark green vegetables,36,88.21,0.57,26.3,210,7.08,2.96,166,1.25,0.055,1.12,30,27,250,0.27,0.41,0.06,2.8
"Collards, canned, cooked, no added fat",Other dark green vegetables,19,93.94,0.42,14.6,117,2.79,1.35,336,1.46,0.08199999999999999,1.5,20,21,140,0.23,0.3,0.069,1.3
"Collards, NS as to form, cooked",Other dark green vegetables,57,86.12,0.48,25.7,242,5.65,3.15,149,2.67,0.048,0.49,28,26,222,0.22,3.36,0.8320000000000001,4.2
"Collards, fresh, cooked, fat added, NS as to fat type",Other dark green vegetables,57,86.12,0.48,25.7,242,5.65,3.15,149,2.67,0.048,0.49,28,26,222,0.22,3.36,0.8320000000000001,4.2
"Collards, frozen, cooked, fat added, NS as to fat type",Other dark green vegetables,57,85.97,0.55,25.6,204,6.88,2.88,170,1.51,0.053,1.09,29,26,243,0.26,2.93,0.779,2.7
"Collards, canned, cooked, fat added, NS as to fat type",Other dark green vegetables,41,91.55,0.4,14.2,114,2.71,1.32,336,1.71,0.08,1.46,19,21,136,0.22,2.81,0.785,1.3
"Collards, fresh, cooked with oil",Other dark green vegetables,61,85.76,0.48,25.7,242,5.64,3.14,139,2.72,0.048,0.49,28,26,222,0.22,3.76,0.484,4.2
"Collards, fresh, cooked with butter or margarine",Other dark green vegetables,54,86.47,0.48,25.7,242,5.65,3.16,159,2.62,0.048,0.49,28,27,223,0.22,2.97,1.18,4.2
"Collards, frozen, cooked with oil",Other dark green vegetables,61,85.64,0.55,25.6,203,6.87,2.88,161,1.55,0.053,1.09,29,26,243,0.26,3.3,0.455,2.7
"Collards, frozen, cooked with butter or margarine",Other dark green vegetables,54,86.3,0.55,25.6,204,6.88,2.89,180,1.46,0.053,1.08,29,27,244,0.26,2.57,1.103,2.7
"Collards, canned, cooked with oil",Other dark green vegetables,44,91.23,0.4,14.2,114,2.71,1.31,326,1.76,0.08,1.46,19,20,136,0.22,3.18,0.46299999999999997,1.3
"Collards, canned, cooked with butter or margarine",Other dark green vegetables,37,91.88,0.41,14.2,115,2.72,1.33,345,1.67,0.08,1.46,19,21,137,0.22,2.45,1.107,1.3
"Cress, raw",Other dark green vegetables,32,89.4,4.4,69.0,81,5.5,2.6,14,0.7,0.17,1.3,38,76,606,0.23,0.7,0.023,1.1
"Cress, cooked",Other dark green vegetables,57,85.89,4.58,50.3,85,5.73,2.72,146,1.05,0.177,1.36,40,79,631,0.24,3.46,0.799,1.1
"Dandelion greens, raw",Other dark green vegetables,45,85.6,0.71,35.0,187,9.2,2.7,76,3.44,0.171,3.1,36,66,397,0.41,0.7,0.17,3.5
"Dandelion greens, cooked",Other dark green vegetables,71,81.93,0.74,25.5,195,9.58,2.82,210,3.9,0.17800000000000002,3.23,38,69,414,0.43,3.46,0.9520000000000001,3.6
"Escarole, cooked",Other dark green vegetables,37,91.61,0.22,3.2,45,2.98,1.12,140,0.68,0.084,0.7,13,22,238,0.67,2.71,0.762,2.7
"Greens, fresh, cooked, no added fat",Other dark green vegetables,34,89.1,0.74,46.6,235,5.16,2.97,159,1.66,0.085,1.14,31,43,302,0.3,0.97,0.106,4.2
"Greens, frozen, cooked, no added fat",Other dark green vegetables,34,89.46,0.78,21.2,169,5.75,2.92,146,1.54,0.069,1.09,26,33,194,0.28,0.71,0.098,2.7
"Greens, canned, cooked, no added fat",Other dark green vegetables,19,93.94,0.42,14.6,117,2.79,1.35,336,1.46,0.08199999999999999,1.5,20,21,140,0.23,0.3,0.069,1.3
"Greens, NS as to form, cooked",Other dark green vegetables,54,86.9,0.72,45.3,228,5.02,2.89,164,1.9,0.084,1.12,30,43,294,0.29,3.4,0.8009999999999999,4.1
"Greens, fresh, cooked, fat added",Other dark green vegetables,54,86.9,0.72,45.3,228,5.02,2.89,164,1.9,0.084,1.12,30,43,294,0.29,3.4,0.8009999999999999,4.1
"Greens, frozen, cooked, fat added",Other dark green vegetables,55,87.19,0.76,20.6,164,5.59,2.84,151,1.79,0.067,1.06,25,33,188,0.27,3.23,0.816,2.6
"Greens, canned, cooked, fat added",Other dark green vegetables,41,91.55,0.4,14.2,114,2.71,1.32,336,1.71,0.08,1.46,19,21,136,0.22,2.81,0.785,1.3
"Kale, raw",Other dark green vegetables,35,89.6,0.8,93.4,254,4.42,2.92,53,0.66,0.053,1.6,33,55,348,0.39,1.49,0.17800000000000002,4.1
"Kale, fresh, cooked, no added fat",Other dark green vegetables,38,88.53,0.86,70.1,272,4.74,3.13,181,0.71,0.057,1.72,35,59,373,0.42,1.6,0.191,4.4
"Kale, frozen, cooked, no added fat",Other dark green vegetables,36,89.53,1.12,17.7,150,5.28,2.93,132,1.6,0.067,0.84,25,42,144,0.27,1.21,0.158,2.3
"Kale, canned, cooked, no added fat",Other dark green vegetables,19,93.94,0.42,14.6,117,2.79,1.35,336,1.46,0.08199999999999999,1.5,20,21,140,0.23,0.3,0.069,1.3
"Kale, NS as to form, cooked",Other dark green vegetables,61,86.09,0.83,68.1,265,4.61,3.05,186,1.0,0.055,1.67,34,58,363,0.41,4.28,0.96,4.3
"Kale, fresh, cooked, fat added",Other dark green vegetables,61,86.09,0.83,68.1,265,4.61,3.05,186,1.0,0.055,1.67,34,58,363,0.41,4.28,0.96,4.3
"Kale, frozen, cooked, fat added",Other dark green vegetables,57,87.26,1.08,17.2,146,5.14,2.85,138,1.85,0.065,0.82,24,41,140,0.26,3.71,0.8740000000000001,2.2
"Kale, canned, cooked, fat added",Other dark green vegetables,41,91.55,0.4,14.2,114,2.71,1.32,336,1.71,0.08,1.46,19,21,136,0.22,2.81,0.785,1.3
"Lambsquarter, cooked",Other dark green vegetables,53,86.39,0.6,35.8,250,4.85,3.11,150,2.09,0.191,0.68,22,44,279,0.29,3.21,0.7709999999999999,2.0
"Mustard cabbage, cooked",Other dark green vegetables,38,92.05,1.23,32.8,110,2.28,1.57,199,0.41,0.022000000000000002,0.84,20,39,263,0.2,2.94,0.8029999999999999,1.0
"Mustard greens, raw",Other dark green vegetables,27,90.7,1.32,70.0,115,4.67,2.86,20,2.01,0.165,1.64,32,58,384,0.25,0.42,0.01,3.2
"Mustard greens, fresh, cooked, no added fat",Other dark green vegetables,29,89.71,1.42,52.5,123,5.01,3.07,146,2.15,0.177,1.76,34,62,412,0.27,0.45,0.011000000000000001,3.4
"Mustard greens, frozen, cooked, no added fat",Other dark green vegetables,19,93.52,0.32,13.8,101,3.1,2.26,141,1.35,0.057999999999999996,1.12,13,24,139,0.2,0.25,0.013000000000000001,2.8
"Mustard greens, canned, cooked, no added fat",Other dark green vegetables,19,93.94,0.42,14.6,117,2.79,1.35,336,1.46,0.08199999999999999,1.5,20,21,140,0.23,0.3,0.069,1.3
"Mustard greens, NS as to form, cooked",Other dark green vegetables,52,87.24,1.38,51.0,120,4.87,2.99,152,2.41,0.172,1.71,33,61,400,0.26,3.16,0.7859999999999999,3.3
"Mustard greens, fresh, cooked, fat added",Other dark green vegetables,52,87.24,1.38,51.0,120,4.87,2.99,152,2.41,0.172,1.71,33,61,400,0.26,3.16,0.7859999999999999,3.3
"Mustard greens, frozen, cooked, fat added",Other dark green vegetables,41,91.13,0.31,13.4,98,3.02,2.21,146,1.6,0.055999999999999994,1.09,13,24,135,0.19,2.78,0.733,2.7
"Mustard greens, canned, cooked, fat added",Other dark green vegetables,41,91.55,0.4,14.2,114,2.71,1.32,336,1.71,0.08,1.46,19,21,136,0.22,2.81,0.785,1.3
"Poke greens, cooked",Other dark green vegetables,42,90.26,1.55,79.4,52,3.01,2.24,139,1.12,0.122,1.16,14,32,178,0.18,2.92,0.81,1.5
"Spinach, raw",Spinach,23,91.4,0.42,28.1,99,3.63,2.86,79,2.03,0.13,2.71,79,49,558,0.53,0.39,0.063,2.2
"Spinach, fresh, cooked, no added fat",Spinach,27,89.56,0.49,23.1,116,4.26,3.36,229,2.38,0.152,3.18,93,57,655,0.62,0.46,0.07400000000000001,2.6
"Spinach, frozen, cooked, no added fat",Spinach,34,88.68,0.51,2.2,153,4.79,4.0,212,3.53,0.161,1.95,82,50,301,0.49,0.87,0.157,3.7
"Spinach, canned, cooked, no added fat",Spinach,23,91.78,0.4,13.6,127,3.4,2.81,322,1.94,0.18,2.3,76,44,346,0.46,0.5,0.081,2.4
"Spinach, fresh, cooked with oil",Spinach,56,86.45,0.48,22.4,113,4.13,3.26,222,2.71,0.14800000000000002,3.09,90,56,636,0.6,3.86,0.539,2.5
"Spinach, fresh, cooked with butter or margarine",Spinach,49,87.22,0.48,22.4,114,4.15,3.28,245,2.61,0.14800000000000002,3.09,90,56,636,0.6,3.0,1.301,2.5
"Spinach, NS as to form, cooked",Spinach,53,86.84,0.48,22.4,113,4.14,3.27,234,2.66,0.14800000000000002,3.09,90,56,636,0.6,3.43,0.92,2.5
"Spinach, fresh, cooked, fat added, NS as to fat type",Spinach,53,86.84,0.48,22.4,113,4.14,3.27,234,2.66,0.14800000000000002,3.09,90,56,636,0.6,3.43,0.92,2.5
"Spinach, frozen, cooked, fat added, NS as to fat type",Spinach,55,86.43,0.49,2.1,149,4.65,3.89,216,3.72,0.156,1.9,79,49,293,0.48,3.38,0.873,3.6
"Spinach, canned, cooked, fat added, NS as to fat type",Spinach,45,89.44,0.39,13.2,124,3.31,2.74,322,2.18,0.175,2.24,74,43,336,0.45,3.03,0.802,2.3
"Spinach, frozen, cooked with oil",Spinach,59,86.1,0.49,2.1,148,4.65,3.88,206,3.77,0.156,1.9,79,48,292,0.47,3.75,0.5489999999999999,3.6
"Spinach, frozen, cooked with butter or margarine",Spinach,52,86.76,0.5,2.1,149,4.66,3.9,226,3.68,0.156,1.9,79,49,293,0.48,3.01,1.196,3.6
"Spinach, canned, cooked with oil",Spinach,48,89.11,0.39,13.2,123,3.3,2.73,313,2.22,0.175,2.24,74,43,336,0.45,3.4,0.47700000000000004,2.3
"Spinach, canned, cooked with butter or margarine",Spinach,42,89.77,0.39,13.2,124,3.31,2.74,332,2.13,0.175,2.23,74,43,337,0.45,2.66,1.126,2.3
"Spinach, creamed",Spinach,86,82.57,0.76,14.0,82,6.65,2.48,431,1.58,0.09699999999999999,1.95,57,44,409,0.42,6.03,3.715,1.6
"Taro leaves, cooked",Other dark green vegetables,68,81.99,3.13,37.9,112,6.98,5.19,134,2.42,0.281,2.35,47,63,675,0.43,3.5,0.932,3.9
"Thistle leaves, cooked",Other dark green vegetables,57,85.89,4.58,50.3,85,5.73,2.72,146,1.05,0.177,1.36,40,79,631,0.24,3.46,0.799,1.1
"Turnip greens, fresh, cooked, no added fat",Other dark green vegetables,20,92.92,0.53,27.3,137,4.35,1.14,145,1.87,0.252,0.8,22,29,202,0.14,0.23,0.053,3.5
"Turnip greens, frozen, cooked, no added fat",Other dark green vegetables,29,90.13,0.75,21.7,152,4.96,3.34,131,2.65,0.15,1.93,26,34,223,0.41,0.42,0.099,3.4
"Turnip greens, canned, cooked, no added fat",Other dark green vegetables,19,93.94,0.42,14.6,117,2.79,1.35,336,1.46,0.08199999999999999,1.5,20,21,140,0.23,0.3,0.069,1.3
"Turrnip greens, NS as to form, cooked",Other dark green vegetables,42,90.55,0.51,26.5,133,4.23,1.11,150,2.12,0.245,0.78,21,28,197,0.14,2.76,0.772,3.4
"Turnip greens, fresh, cooked, fat added",Other dark green vegetables,42,90.55,0.51,26.5,133,4.23,1.11,150,2.12,0.245,0.78,21,28,197,0.14,2.76,0.772,3.4
"Turnip greens, frozen, cooked, fat added",Other dark green vegetables,51,87.84,0.73,21.1,148,4.83,3.25,137,2.87,0.145,1.88,25,33,217,0.4,2.94,0.8170000000000001,3.3
"Turnip greens, canned, cooked, fat added",Other dark green vegetables,41,91.55,0.4,14.2,114,2.71,1.32,336,1.71,0.08,1.46,19,21,136,0.22,2.81,0.785,1.3
"Turnip greens, canned, reduced sodium, cooked, no added fat",Other dark green vegetables,19,94.69,0.42,14.7,118,2.81,1.36,29,1.47,0.083,1.51,20,21,141,0.23,0.3,0.07,1.3
"Turnip greens, canned, reduced sodium, cooked, fat added",Other dark green vegetables,41,92.26,0.41,14.3,115,2.73,1.33,38,1.72,0.081,1.47,19,21,137,0.22,2.84,0.7909999999999999,1.3
"Watercress, raw",Other dark green vegetables,11,95.11,0.2,43.0,120,1.29,2.3,41,1.0,0.077,0.2,21,60,330,0.11,0.1,0.027000000000000003,0.5
"Watercress, cooked",Other dark green vegetables,36,91.83,0.21,31.3,125,1.35,2.4,174,1.36,0.08,0.21,22,63,344,0.12,2.83,0.8029999999999999,0.5
"Bitter melon, horseradish, jute, or radish leaves, cooked",Other dark green vegetables,55,86.19,1.01,53.8,41,6.47,3.49,135,1.7,0.195,0.99,91,75,583,0.29,2.73,0.752,1.8
"Sweet potato, squash, pumpkin, chrysanthemum, or bean leaves, cooked",Other dark green vegetables,56,86.68,5.3,1.5,32,7.15,2.12,129,1.23,0.032,0.61,46,39,302,0.25,2.87,0.784,1.8
"Peas and carrots, fresh, cooked, no added fat",Other vegetables and combinations,63,82.63,5.41,20.3,30,12.48,3.3,159,0.41,0.115,0.92,23,74,293,0.77,0.33,0.053,4.4
"Peas and carrots, frozen, cooked, no added fat",Other vegetables and combinations,57,84.67,4.23,6.1,30,10.96,2.86,181,0.52,0.09300000000000001,1.02,16,54,151,0.51,0.47,0.084,3.9
"Peas and carrots, canned, cooked, no added fat",Other vegetables and combinations,46,87.62,2.74,3.1,24,8.45,2.56,258,0.56,0.105,0.91,13,46,142,0.46,0.5,0.09,3.2
"Peas and carrots, cooked, NS as to form",Other vegetables and combinations,85,80.45,5.25,19.7,30,12.12,3.21,164,0.71,0.111,0.9,23,72,285,0.75,2.96,0.8029999999999999,4.3
"Peas and carrots, fresh, cooked, fat added",Other vegetables and combinations,85,80.45,5.25,19.7,30,12.12,3.21,164,0.71,0.111,0.9,23,72,285,0.75,2.96,0.8029999999999999,4.3
"Peas and carrots, frozen, cooked, fat added",Other vegetables and combinations,78,82.54,4.11,5.9,29,10.65,2.78,185,0.8,0.091,1.0,16,53,147,0.5,3.0,0.8029999999999999,3.8
"Peas and carrots, canned, cooked, fat added",Other vegetables and combinations,68,85.4,2.66,3.0,24,8.21,2.49,260,0.84,0.102,0.89,13,44,139,0.45,3.02,0.81,3.1
"Pumpkin, canned, cooked",Other red and orange vegetables,56,87.68,3.2,3.7,26,7.86,1.08,15,1.33,0.10400000000000001,1.35,22,34,200,0.17,2.82,0.865,2.8
"Pumpkin, cooked",Other red and orange vegetables,51,88.18,2.87,8.0,22,6.77,1.05,132,1.42,0.132,0.84,13,46,354,0.33,2.83,0.8290000000000001,0.5
"Calabaza, cooked",Other red and orange vegetables,51,88.18,2.87,8.0,22,6.77,1.05,132,1.42,0.132,0.84,13,46,354,0.33,2.83,0.8290000000000001,0.5
"Winter squash, raw",Other red and orange vegetables,26,91.6,2.76,9.0,21,6.5,1.0,1,1.06,0.127,0.8,12,44,340,0.32,0.1,0.052000000000000005,0.5
"Winter squash, cooked, no added fat",Other red and orange vegetables,37,88.94,3.29,9.6,22,8.82,0.89,117,0.12,0.08199999999999999,0.44,13,19,240,0.22,0.35,0.07200000000000001,2.8
"Winter squash, cooked, fat added",Other red and orange vegetables,58,86.69,3.2,9.3,22,8.57,0.87,123,0.41,0.079,0.43,13,19,234,0.21,2.88,0.7909999999999999,2.7
"Sweet potato, NFS",Other red and orange vegetables,109,76.56,5.45,12.1,26,16.82,1.31,188,1.38,0.08900000000000001,0.69,17,31,219,0.19,4.28,1.207,2.4
"Sweet potato, baked, peel eaten, NS as to fat",Other red and orange vegetables,126,71.3,5.93,18.4,37,20.85,2.03,189,1.11,0.183,0.95,26,54,457,0.31,4.1,1.172,3.3
"Sweet potato, baked, peel eaten, no added fat",Other red and orange vegetables,95,74.14,6.21,19.2,38,21.83,2.11,182,0.68,0.192,0.99,28,56,478,0.33,0.15,0.051,3.5
"Sweet potato, baked, peel eaten, fat added, NS as to fat type",Other red and orange vegetables,126,71.3,5.93,18.4,37,20.85,2.03,189,1.11,0.183,0.95,26,54,457,0.31,4.1,1.172,3.3
"Sweet potato, baked, peel eaten, made with oil",Other red and orange vegetables,131,70.78,5.93,18.4,36,20.84,2.02,174,1.18,0.183,0.95,26,53,456,0.31,4.67,0.6679999999999999,3.3
"Sweet potato, baked, peel eaten, made with butter",Other red and orange vegetables,123,71.52,5.94,18.4,37,20.85,2.05,203,0.75,0.183,0.94,26,55,457,0.32,3.81,2.375,3.3
"Sweet potato, baked, peel eaten, made with margarine",Other red and orange vegetables,117,72.25,5.93,18.4,37,20.88,2.02,205,1.46,0.183,0.94,27,54,457,0.31,3.09,0.631,3.3
"Sweet potato, baked, peel not eaten, NS as to fat",Other red and orange vegetables,122,72.44,6.15,18.6,37,19.66,1.92,197,1.16,0.153,0.66,26,52,451,0.3,4.29,1.227,3.1
"Sweet potato, baked, peel not eaten, no added fat",Other red and orange vegetables,90,75.48,6.45,19.5,38,20.63,2.0,190,0.71,0.16,0.69,27,54,473,0.32,0.15,0.052000000000000005,3.3
"Sweet potato, baked, peel not eaten, fat added, NS as to fat type",Other red and orange vegetables,122,72.44,6.15,18.6,37,19.66,1.92,197,1.16,0.153,0.66,26,52,451,0.3,4.29,1.227,3.1
"Sweet potato, baked, peel not eaten, made with oil",Other red and orange vegetables,127,71.9,6.15,18.6,36,19.65,1.91,181,1.23,0.153,0.66,26,51,451,0.3,4.89,0.698,3.1
"Sweet potato, baked, peel not eaten, made with butter",Other red and orange vegetables,119,72.67,6.15,18.6,37,19.65,1.95,212,0.78,0.153,0.66,26,52,452,0.31,3.99,2.4859999999999998,3.1
"Sweet potato, baked, peel not eaten, made with margarine",Other red and orange vegetables,113,73.43,6.15,18.6,37,19.69,1.92,214,1.53,0.153,0.66,26,52,452,0.3,3.23,0.659,3.1
"Sweet potato, boiled, NS as to fat",Other red and orange vegetables,109,76.56,5.45,12.1,26,16.82,1.31,188,1.38,0.08900000000000001,0.69,17,31,219,0.19,4.28,1.207,2.4
"Sweet potato, boiled, no added fat",Other red and orange vegetables,76,79.81,5.72,12.7,27,17.65,1.36,181,0.94,0.094,0.72,18,32,229,0.2,0.14,0.031,2.5
"Sweet potato, boiled, fat added, NS as to fat type",Other red and orange vegetables,109,76.56,5.45,12.1,26,16.82,1.31,188,1.38,0.08900000000000001,0.69,17,31,219,0.19,4.28,1.207,2.4
"Sweet potato, boiled, made with oil",Other red and orange vegetables,114,76.03,5.45,12.1,26,16.81,1.3,173,1.45,0.08900000000000001,0.69,17,30,218,0.19,4.88,0.6779999999999999,2.4
"Sweet potato, boiled, made with butter",Other red and orange vegetables,106,76.79,5.45,12.1,27,16.82,1.34,203,1.0,0.08900000000000001,0.68,17,31,219,0.19,3.98,2.4659999999999997,2.4
"Sweet potato, boiled, made with margarine",Other red and orange vegetables,100,77.56,5.45,12.2,27,16.85,1.31,205,1.75,0.08900000000000001,0.68,17,31,220,0.19,3.22,0.64,2.4
"Sweet potato, candied",Other red and orange vegetables,178,57.48,28.97,9.1,20,37.46,0.99,142,1.03,0.069,0.53,13,23,165,0.15,3.29,0.9059999999999999,1.8
"Sweet potato, canned, NS as to fat",Other red and orange vegetables,123,72.67,4.74,25.0,22,20.05,1.58,213,1.43,0.132,0.85,21,47,297,0.17,4.33,1.216,1.7
"Sweet potato, canned, no added fat",Other red and orange vegetables,91,75.73,4.98,26.3,22,21.04,1.64,207,1.0,0.138,0.89,22,49,311,0.18,0.2,0.040999999999999995,1.8
"Sweet potato, canned, fat added",Other red and orange vegetables,123,72.67,4.74,25.0,22,20.05,1.58,213,1.43,0.132,0.85,21,47,297,0.17,4.33,1.216,1.7
"Sweet potato, casserole or mashed",Other red and orange vegetables,94,78.1,7.61,10.1,42,16.96,1.68,153,0.78,0.075,0.57,16,43,205,0.23,2.36,1.393,1.9
"Sweet potato, yellow, Puerto Rican, cooked",Other red and orange vegetables,76,79.63,5.7,12.7,27,17.61,1.36,271,0.93,0.09300000000000001,0.72,18,32,229,0.2,0.14,0.031,2.5
"Tomatoes, raw",Tomatoes,18,94.52,2.63,13.7,10,3.89,0.88,5,0.54,0.059000000000000004,0.27,11,24,237,0.17,0.2,0.027999999999999997,1.2
"Tomatoes, NS as to form, cooked",Tomatoes,50,89.79,3.18,15.8,13,4.71,1.08,159,1.02,0.071,0.33,13,29,287,0.21,3.41,0.935,1.5
"Tomatoes, fresh, cooked",Tomatoes,50,89.79,3.18,15.8,13,4.71,1.08,159,1.02,0.071,0.33,13,29,287,0.21,3.41,0.935,1.5
"Tomatoes, canned, cooked",Tomatoes,38,92.32,2.48,12.2,32,3.37,0.78,121,0.87,0.05,0.56,10,17,186,0.12,2.79,0.7559999999999999,1.8
"Tomatoes, canned, reduced sodium, cooked",Tomatoes,38,92.32,2.48,12.2,32,3.37,0.78,19,0.87,0.05,0.56,10,17,186,0.12,2.79,0.7559999999999999,1.8
Sun-dried tomatoes,Tomatoes,258,14.56,37.59,39.2,110,55.76,14.11,107,0.01,1.423,9.09,194,356,3427,1.99,2.97,0.426,12.3
"Raw vegetable, NFS",Other vegetables and combinations,27,91.88,2.6,28.0,32,5.77,1.33,47,0.56,0.047,0.38,14,37,283,0.24,0.24,0.054000000000000006,2.0
"Sprouts, NFS",Other vegetables and combinations,30,90.4,4.13,13.2,13,5.94,3.04,6,0.1,0.16399999999999998,0.91,21,54,149,0.41,0.18,0.046,1.8
"Alfalfa sprouts, raw",Other vegetables and combinations,23,92.82,0.2,8.2,32,2.1,3.99,6,0.02,0.157,0.96,27,70,79,0.92,0.69,0.069,1.9
"Artichoke, raw",Other vegetables and combinations,53,84.08,0.99,7.4,21,11.95,2.89,60,0.19,0.127,0.61,42,73,286,0.4,0.34,0.079,5.7
"Asparagus, raw",Other vegetables and combinations,20,93.22,1.88,5.6,24,3.88,2.2,2,1.13,0.18899999999999997,2.14,14,52,202,0.54,0.12,0.04,2.1
"Bean sprouts, raw",Other vegetables and combinations,30,90.4,4.13,13.2,13,5.94,3.04,6,0.1,0.16399999999999998,0.91,21,54,149,0.41,0.18,0.046,1.8
"Green beans, raw",String beans,31,90.32,3.26,12.2,37,6.97,1.83,6,0.41,0.069,1.03,25,38,211,0.24,0.22,0.05,2.7
"Beets, raw",Other vegetables and combinations,43,87.58,6.76,4.9,16,9.56,1.61,78,0.04,0.075,0.8,23,40,325,0.35,0.17,0.027000000000000003,2.8
"Broccoflower, raw",Other vegetables and combinations,31,89.79,3.03,88.1,33,6.09,2.95,23,0.04,0.040999999999999995,0.73,20,62,300,0.64,0.3,0.047,3.2
"Brussels sprouts, raw",Other vegetables and combinations,43,86.0,2.2,85.0,42,8.95,3.38,25,0.88,0.07,1.4,23,69,389,0.42,0.3,0.062,3.8
"Cactus, raw",Other vegetables and combinations,16,94.12,1.15,9.3,164,3.33,1.32,21,0.0,0.052000000000000005,0.59,52,16,257,0.25,0.09,0.016,2.2
"Cauliflower, raw",Other vegetables and combinations,25,92.07,1.91,48.2,22,4.97,1.92,30,0.08,0.039,0.42,15,44,299,0.27,0.28,0.13,2.0
"Celery, raw",Other vegetables and combinations,14,95.43,1.34,3.1,40,2.97,0.69,80,0.27,0.035,0.2,11,24,260,0.13,0.17,0.042,1.6
"Fennel bulb, raw",Other vegetables and combinations,31,90.21,3.93,12.0,49,7.3,1.24,52,0.58,0.066,0.73,17,50,414,0.2,0.2,0.09,3.1
"Corn, raw",Corn,86,76.05,6.26,6.8,2,18.7,3.27,15,0.07,0.054000000000000006,0.52,37,89,270,0.46,1.35,0.325,2.0
"Cucumber, raw",Other vegetables and combinations,15,95.23,1.67,2.8,16,3.63,0.65,2,0.03,0.040999999999999995,0.28,13,24,147,0.2,0.11,0.037000000000000005,0.5
"Eggplant, raw",Other vegetables and combinations,25,92.3,3.53,2.2,9,5.88,0.98,2,0.3,0.081,0.23,14,24,229,0.16,0.18,0.034,3.0
"Jicama, raw",Other vegetables and combinations,38,90.07,1.8,20.2,12,8.82,0.72,4,0.46,0.048,0.6,12,18,150,0.16,0.09,0.021,4.9
"Kohlrabi, raw",Other vegetables and combinations,27,91.0,2.6,62.0,24,6.2,1.7,20,0.48,0.129,0.4,19,46,350,0.03,0.1,0.013000000000000001,3.6
"Mushrooms, raw",Other vegetables and combinations,22,92.45,1.98,2.1,3,3.26,3.09,5,0.01,0.318,0.5,9,86,318,0.52,0.34,0.05,1.0
"Green peas, raw",Other starchy vegetables,81,78.86,5.67,40.0,25,14.45,5.42,5,0.13,0.17600000000000002,1.47,33,108,244,1.24,0.4,0.071,5.7
"Pepper, poblano, raw",Other vegetables and combinations,20,93.89,2.4,80.4,10,4.64,0.86,3,0.37,0.066,0.34,10,20,175,0.13,0.17,0.057999999999999996,1.7
"Pepper, Serrano, raw",Other vegetables and combinations,32,90.25,3.83,44.9,11,6.7,1.74,10,0.69,0.129,0.86,22,40,305,0.26,0.44,0.059000000000000004,3.7
"Pepper, raw, NFS",Other vegetables and combinations,22,93.3,3.03,97.0,9,5.13,0.91,3,0.79,0.049,0.37,11,22,188,0.17,0.22,0.057999999999999996,1.8
"Pepper, sweet, green, raw",Other vegetables and combinations,20,93.89,2.4,80.4,10,4.64,0.86,3,0.37,0.066,0.34,10,20,175,0.13,0.17,0.057999999999999996,1.7
"Pepper, sweet, red, raw",Other red and orange vegetables,26,92.21,4.2,127.7,7,6.03,0.99,4,1.58,0.017,0.43,12,26,211,0.25,0.3,0.059000000000000004,2.1
"Pepper, banana, raw",Other vegetables and combinations,27,91.81,1.95,82.7,14,5.35,1.66,13,0.69,0.094,0.46,17,32,256,0.25,0.45,0.048,3.4
"Radish, raw",Other vegetables and combinations,16,95.27,1.86,14.8,25,3.4,0.68,39,0.0,0.05,0.34,10,20,233,0.28,0.1,0.032,1.6
"Rutabaga, raw",Other vegetables and combinations,37,89.43,4.46,25.0,43,8.62,1.08,12,0.3,0.032,0.44,20,53,305,0.24,0.16,0.027000000000000003,2.3
"Seaweed, raw",Other vegetables and combinations,41,82.2,0.58,15.0,129,7.94,3.51,384,0.96,0.226,2.28,77,60,165,0.89,0.49,0.146,0.7
"Snowpeas, raw",Other vegetables and combinations,42,88.89,4.0,60.0,43,7.55,2.8,4,0.39,0.079,2.08,24,53,200,0.27,0.2,0.039,2.6
"Summer squash, yellow, raw",Other vegetables and combinations,19,94.28,2.88,19.3,21,3.88,1.01,2,0.13,0.092,0.44,20,32,222,0.29,0.27,0.09300000000000001,1.0
"Summer squash, green, raw",Other vegetables and combinations,17,94.79,2.5,17.9,16,3.11,1.21,8,0.12,0.053,0.37,18,38,261,0.32,0.32,0.084,1.0
"Turnip, raw",Other vegetables and combinations,28,91.87,3.8,21.0,30,6.43,0.9,67,0.03,0.085,0.3,11,27,191,0.27,0.1,0.011000000000000001,1.8
"Artichoke, fresh, cooked, no added fat",Other vegetables and combinations,53,83.83,0.99,7.4,21,11.91,2.88,176,0.19,0.127,0.61,42,73,285,0.4,0.34,0.079,5.7
"Artichoke, frozen, cooked, no added fat",Other vegetables and combinations,53,83.83,0.99,7.4,21,11.91,2.88,176,0.19,0.127,0.61,42,73,285,0.4,0.34,0.079,5.7
"Artichoke, canned, cooked, no added fat",Other vegetables and combinations,53,83.83,0.99,7.4,21,11.91,2.88,176,0.19,0.127,0.61,42,73,285,0.4,0.34,0.079,5.7
"Artichokes, NS as to form, cooked",Other vegetables and combinations,74,81.72,0.96,7.2,21,11.57,2.81,180,0.48,0.12300000000000001,0.59,41,71,277,0.39,2.87,0.797,5.5
"Artichoke, fresh, cooked, fat added",Other vegetables and combinations,74,81.72,0.96,7.2,21,11.57,2.81,180,0.48,0.12300000000000001,0.59,41,71,277,0.39,2.87,0.797,5.5
"Artichoke, frozen, cooked, fat added",Other vegetables and combinations,74,81.72,0.96,7.2,21,11.57,2.81,180,0.48,0.12300000000000001,0.59,41,71,277,0.39,2.87,0.797,5.5
"Artichoke, canned, cooked, fat added",Other vegetables and combinations,74,81.72,0.96,7.2,21,11.57,2.81,180,0.48,0.12300000000000001,0.59,41,71,277,0.39,2.87,0.797,5.5
"Asparagus, fresh, cooked, no added fat",Other vegetables and combinations,21,92.41,2.02,5.1,26,4.16,2.36,127,1.21,0.203,2.29,15,56,217,0.58,0.13,0.043,2.3
"Asparagus, frozen, cooked, no added fat",Other vegetables and combinations,18,93.82,0.32,24.3,18,1.91,2.94,119,1.2,0.105,0.56,10,49,171,0.41,0.42,0.096,1.6
"Asparagus, canned, cooked, no added fat",Other vegetables and combinations,19,93.98,1.06,16.6,16,2.46,2.14,287,1.22,0.096,1.83,10,43,172,0.4,0.65,0.147,1.6
"Asparagus, NS as to form, cooked",Other vegetables and combinations,45,89.86,1.96,5.0,25,4.04,2.3,133,1.49,0.19699999999999998,2.23,15,54,211,0.56,2.85,0.8170000000000001,2.2
"Asparagus, fresh, cooked, fat added, NS as to fat type",Other vegetables and combinations,45,89.86,1.96,5.0,25,4.04,2.3,133,1.49,0.19699999999999998,2.23,15,54,211,0.56,2.85,0.8170000000000001,2.2
"Asparagus, frozen, cooked, fat added, NS as to fat type",Other vegetables and combinations,40,91.42,0.31,23.6,18,1.86,2.86,125,1.46,0.102,0.55,10,48,167,0.4,2.94,0.8140000000000001,1.5
"Asparagus, canned, cooked, fat added, NS as to fat type",Other vegetables and combinations,41,91.57,1.03,16.1,16,2.39,2.09,288,1.48,0.09300000000000001,1.78,10,42,167,0.39,3.18,0.866,1.6
"Asparagus, fresh, cooked with oil",Other vegetables and combinations,48,89.51,1.96,5.0,25,4.04,2.29,123,1.54,0.19699999999999998,2.23,15,54,210,0.56,3.25,0.469,2.2
"Asparagus, fresh, cooked with butter or margarine",Other vegetables and combinations,41,90.22,1.96,5.0,26,4.05,2.31,144,1.45,0.19699999999999998,2.23,15,55,211,0.56,2.46,1.165,2.2
"Asparagus, frozen, cooked with oil",Other vegetables and combinations,43,91.1,0.31,23.6,18,1.86,2.86,115,1.5,0.102,0.55,10,47,167,0.4,3.31,0.49,1.5
"Asparagus, frozen, cooked with butter or margarine",Other vegetables and combinations,37,91.75,0.31,23.6,18,1.87,2.87,135,1.41,0.102,0.54,10,48,167,0.4,2.58,1.137,1.5
"Asparagus, canned, cooked with oil",Other vegetables and combinations,44,91.24,1.03,16.1,16,2.39,2.08,279,1.53,0.09300000000000001,1.78,10,42,167,0.39,3.54,0.541,1.6
"Asparagus, canned, cooked with butter or margarine",Other vegetables and combinations,38,91.9,1.03,16.1,16,2.4,2.09,298,1.44,0.09300000000000001,1.78,10,42,168,0.39,2.81,1.19,1.6
"Bamboo shoots, cooked",Other vegetables and combinations,41,91.9,1.84,1.0,8,3.13,1.68,16,0.91,0.111,0.31,4,25,78,0.63,2.93,0.812,1.4
"Lima beans, from frozen, no added fat",Other starchy vegetables,103,72.76,1.34,12.8,30,19.26,6.05,185,0.29,0.16899999999999998,1.82,42,97,303,0.74,0.34,0.077,5.3
"Lima beans, from frozen, fat added",Other starchy vegetables,122,70.98,1.3,12.4,29,18.71,5.88,189,0.58,0.165,1.76,41,94,295,0.72,2.87,0.795,5.1
"Lima beans, from canned",Other starchy vegetables,122,70.64,1.29,12.3,30,18.62,5.86,374,0.57,0.16399999999999998,1.76,40,94,293,0.71,2.85,0.792,5.1
"Green beans, cooked, from restaurant",String beans,69,85.57,3.22,10.2,37,6.89,1.82,213,0.91,0.068,1.02,25,38,209,0.24,4.53,1.275,2.7
"Green beans, fresh, cooked, no added fat",String beans,32,89.64,3.39,10.8,39,7.24,1.9,127,0.43,0.07200000000000001,1.07,26,39,219,0.25,0.23,0.052000000000000005,2.8
"Green beans, frozen, cooked, no added fat",String beans,28,91.15,1.87,4.1,42,6.43,1.49,117,0.04,0.059000000000000004,0.66,19,29,159,0.24,0.17,0.044000000000000004,3.0
"Green beans, canned, cooked, no added fat",String beans,21,93.6,1.29,2.5,36,4.11,1.04,282,0.03,0.040999999999999995,0.78,13,23,97,0.19,0.39,0.09300000000000001,1.9
"Green beans, NS as to form, cooked",String beans,49,89.23,2.27,6.5,37,5.52,1.44,208,0.52,0.055,0.9,19,31,154,0.21,2.89,0.807,2.3
"Green beans, fresh, cooked, fat added, NS as to fat type",String beans,55,87.26,3.29,10.5,38,7.03,1.85,133,0.72,0.07,1.04,25,39,213,0.24,2.86,0.8009999999999999,2.7
"Green beans, frozen, cooked, fat added, NS as to fat type",String beans,50,88.83,1.82,4.0,41,6.25,1.45,123,0.33,0.057,0.64,18,28,154,0.23,2.7,0.763,2.9
"Green beans, canned, cooked, fat added, NS as to fat type",String beans,43,91.2,1.25,2.4,35,4.0,1.02,283,0.33,0.04,0.76,12,23,95,0.18,2.92,0.813,1.8
"Green beans, fresh, cooked with oil",String beans,58,86.91,3.29,10.5,37,7.03,1.84,123,0.77,0.07,1.04,25,38,213,0.24,3.25,0.46399999999999997,2.7
"Green beans, fresh, cooked with butter or margarine",String beans,51,87.6,3.29,10.5,38,7.04,1.86,143,0.67,0.07,1.04,25,39,214,0.24,2.48,1.138,2.7
"Green beans, frozen, cooked with oil",String beans,53,88.5,1.82,4.0,41,6.24,1.44,113,0.38,0.057,0.64,18,28,154,0.23,3.07,0.44,2.9
"Green beans, frozen, cooked with butter or margarine",String beans,46,89.16,1.82,4.0,41,6.26,1.46,133,0.29,0.057,0.64,18,29,155,0.23,2.33,1.087,2.9
"Green beans, canned, cooked with oil",String beans,46,90.87,1.25,2.4,35,3.99,1.01,274,0.37,0.04,0.76,12,22,94,0.18,3.29,0.489,1.8
"Green beans, canned, cooked with butter or margarine",String beans,40,91.53,1.25,2.4,36,4.0,1.03,293,0.28,0.04,0.76,12,23,95,0.19,2.55,1.138,1.8
"Green beans, canned, reduced sodium, cooked, no added fat",String beans,22,93.38,0.78,2.5,38,4.32,1.12,2,0.03,0.034,1.06,13,20,96,0.2,0.46,0.10300000000000001,1.9
"Green beans, canned, reduced sodium, cooked, fat added, NS as to fat type",String beans,44,90.99,0.76,2.4,37,4.2,1.1,12,0.33,0.033,1.03,13,20,94,0.2,2.99,0.823,1.8
"Green beans, canned, reduced sodium, cooked with oil",String beans,47,90.66,0.76,2.4,37,4.19,1.09,2,0.37,0.033,1.03,13,19,93,0.19,3.36,0.498,1.8
"Green beans, canned, reduced sodium, cooked with butter or margarine",String beans,41,91.32,0.76,2.4,38,4.2,1.1,21,0.28,0.033,1.03,13,20,94,0.2,2.62,1.148,1.8
"Yellow string beans, cooked",String beans,50,88.83,1.82,3.4,48,6.25,1.45,131,0.33,0.059000000000000004,0.86,23,30,122,0.47,2.7,0.763,2.9
"Bean sprouts, cooked",Other vegetables and combinations,116,75.81,2.83,6.3,56,6.08,9.8,127,0.5,0.256,2.8,48,132,299,0.78,6.92,1.361,3.3
"Beets, fresh, cooked, no added fat",Other vegetables and combinations,45,86.79,7.02,4.3,17,9.93,1.67,202,0.04,0.078,0.83,24,42,338,0.36,0.18,0.027999999999999997,2.9
"Beets, canned, cooked, no added fat",Other vegetables and combinations,31,90.96,5.51,3.7,15,7.21,0.91,194,0.03,0.059000000000000004,1.82,17,17,148,0.21,0.14,0.022000000000000002,1.8
"Beets, NS as to form, cooked",Other vegetables and combinations,53,88.64,5.35,3.6,15,7.0,0.89,198,0.33,0.057,1.77,17,17,144,0.2,2.68,0.7440000000000001,1.7
"Beets, fresh, cooked, fat added",Other vegetables and combinations,67,84.49,6.82,4.2,17,9.65,1.63,206,0.35,0.076,0.81,23,41,328,0.35,2.81,0.778,2.8
"Beets, canned, cooked, fat added",Other vegetables and combinations,53,88.64,5.35,3.6,15,7.0,0.89,198,0.33,0.057,1.77,17,17,144,0.2,2.68,0.7440000000000001,1.7
"Beets, canned, reduced sodium, cooked",Other vegetables and combinations,53,88.6,5.56,2.6,14,6.79,0.84,32,0.35,0.1,0.65,17,17,147,0.24,2.78,0.78,1.2
"Bitter melon, cooked",Other vegetables and combinations,41,91.28,1.89,31.9,9,4.19,0.82,128,0.43,0.032,0.37,16,35,309,0.75,2.71,0.7340000000000001,1.9
"Breadfruit, cooked",Other starchy vegetables,122,68.72,10.65,23.9,17,26.26,1.04,124,0.39,0.081,0.52,24,29,475,0.12,2.76,0.767,4.7
"Broccoflower, cooked",Other vegetables and combinations,55,86.72,3.06,75.5,34,6.15,2.98,150,0.35,0.040999999999999995,0.74,20,63,303,0.65,2.94,0.7979999999999999,3.2
"Brussels sprouts, fresh, cooked, no added fat",Other vegetables and combinations,45,85.15,2.28,75.0,44,9.3,3.51,147,0.91,0.073,1.45,24,72,404,0.44,0.31,0.064,3.9
"Brussels sprouts, frozen, cooked, no added fat",Other vegetables and combinations,42,86.48,2.07,45.6,26,8.3,3.63,131,0.51,0.034,0.48,18,56,289,0.24,0.39,0.081,4.1
"Brussels sprouts, NS as to form, cooked",Other vegetables and combinations,67,82.9,2.22,72.9,43,9.03,3.42,152,1.2,0.071,1.42,23,70,393,0.42,2.94,0.813,3.8
"Brussels sprouts, fresh, cooked, fat added",Other vegetables and combinations,67,82.9,2.22,72.9,43,9.03,3.42,152,1.2,0.071,1.42,23,70,393,0.42,2.94,0.813,3.8
"Brussels sprouts, frozen, cooked, fat added",Other vegetables and combinations,63,84.3,2.01,44.2,26,8.06,3.53,137,0.79,0.033,0.47,17,54,281,0.23,2.91,0.799,4.0
"Burdock, cooked",Other vegetables and combinations,99,76.19,3.02,2.7,43,18.06,1.6,136,0.71,0.08,0.84,40,53,321,0.34,2.88,0.8009999999999999,3.4
"Cactus, cooked, no added fat",Other vegetables and combinations,16,93.84,1.15,7.9,164,3.32,1.32,137,0.0,0.052000000000000005,0.59,52,16,256,0.25,0.09,0.016,2.2
"Cactus, cooked, fat added",Other vegetables and combinations,38,91.44,1.11,7.7,159,3.23,1.29,142,0.3,0.05,0.57,50,16,249,0.24,2.62,0.736,2.1
"Cauliflower, fresh, cooked, no added fat",Other vegetables and combinations,26,91.45,1.98,42.5,23,5.16,1.99,152,0.08,0.040999999999999995,0.44,16,46,311,0.28,0.29,0.135,2.1
"Cauliflower, frozen, cooked, no added fat",Other vegetables and combinations,19,93.72,1.05,31.2,17,3.74,1.6,134,0.06,0.024,0.41,9,24,139,0.13,0.22,0.034,2.7
"Cauliflower, NS as to form, cooked",Other vegetables and combinations,49,89.02,1.93,41.3,23,5.02,1.94,157,0.39,0.039,0.43,15,45,302,0.27,2.92,0.882,2.0
"Cauliflower, fresh, cooked, fat added, NS as to fat type",Other vegetables and combinations,49,89.02,1.93,41.3,23,5.02,1.94,157,0.39,0.039,0.43,15,45,302,0.27,2.92,0.882,2.0
"Cauliflower, frozen, cooked, fat added, NS as to fat type",Other vegetables and combinations,41,91.33,1.02,30.3,17,3.64,1.57,139,0.35,0.023,0.4,9,24,135,0.13,2.75,0.754,2.6
"Cauliflower, fresh, cooked with oil",Other vegetables and combinations,52,88.68,1.93,41.3,22,5.01,1.94,147,0.44,0.039,0.43,15,44,302,0.27,3.31,0.545,2.0
"Cauliflower, fresh, cooked with butter or margarine",Other vegetables and combinations,45,89.36,1.93,41.3,23,5.02,1.95,167,0.34,0.039,0.42,15,45,302,0.27,2.54,1.219,2.0
"Cauliflower, frozen, cooked with oil",Other vegetables and combinations,44,91.0,1.02,30.3,17,3.63,1.56,130,0.4,0.023,0.4,9,23,135,0.13,3.12,0.43,2.6
"Cauliflower, frozen, cooked with butter or margarine",Other vegetables and combinations,38,91.66,1.02,30.3,17,3.64,1.58,149,0.31,0.023,0.4,9,24,135,0.13,2.38,1.077,2.6
"Celery, cooked",Other vegetables and combinations,39,92.16,1.4,2.7,42,3.1,0.73,214,0.6,0.036000000000000004,0.21,11,25,271,0.14,2.9,0.8190000000000001,1.7
"Fennel bulb, cooked",Other vegetables and combinations,62,85.48,4.48,11.6,56,8.32,1.42,203,1.01,0.075,0.84,19,57,472,0.23,3.21,0.951,3.5
"Christophine, cooked",Other vegetables and combinations,44,90.92,1.73,6.8,18,4.7,0.86,133,0.44,0.128,0.36,13,19,131,0.77,2.86,0.804,1.8
"Corn, cooked, from restaurant",Corn,118,72.62,5.94,5.5,3,17.73,3.11,213,0.55,0.051,0.5,35,85,257,0.44,5.42,1.484,1.9
"Corn, fresh, cooked, no added fat",Corn,86,75.82,6.24,5.8,2,18.64,3.26,131,0.07,0.054000000000000006,0.52,37,89,269,0.46,1.35,0.324,2.0
"Corn, frozen, cooked, no added fat",Corn,81,76.8,3.06,3.5,3,19.24,2.54,117,0.07,0.048,0.47,28,79,232,0.63,0.67,0.10300000000000001,2.4
"Corn, canned, cooked, no added fat",Corn,67,81.41,4.44,1.6,3,14.34,2.29,205,0.09,0.033,0.27,13,46,132,0.32,1.22,0.245,2.0
"Corn, NS as to form, cooked",Corn,88,79.37,4.31,1.6,3,13.93,2.23,209,0.38,0.032,0.26,13,45,129,0.31,3.73,0.961,1.9
"Corn, fresh, cooked, fat added, NS as to fat type",Corn,106,73.95,6.06,5.6,2,18.11,3.17,137,0.36,0.052000000000000005,0.51,36,86,262,0.45,3.84,1.035,1.9
"Corn, frozen, cooked, fat added, NS as to fat type",Corn,101,74.9,2.97,3.4,3,18.69,2.48,123,0.36,0.046,0.46,27,77,226,0.61,3.18,0.821,2.3
"Corn, canned, cooked, fat added, NS as to fat type",Corn,88,79.37,4.31,1.6,3,13.93,2.23,209,0.38,0.032,0.26,13,45,129,0.31,3.73,0.961,1.9
"Corn, fresh, cooked with oil",Corn,109,73.62,6.06,5.6,2,18.1,3.17,127,0.41,0.052000000000000005,0.51,36,86,261,0.44,4.21,0.7120000000000001,1.9
"Corn, fresh, cooked with butter or margarine",Corn,102,74.28,6.06,5.6,3,18.11,3.18,146,0.32,0.052000000000000005,0.5,36,87,262,0.45,3.48,1.359,1.9
"Corn, frozen, cooked with oil",Corn,104,74.57,2.97,3.4,3,18.68,2.47,113,0.41,0.046,0.46,27,76,226,0.61,3.55,0.49700000000000005,2.3
"Corn, frozen, cooked with butter or margarine",Corn,98,75.23,2.97,3.4,4,18.69,2.48,133,0.32,0.046,0.46,27,77,226,0.61,2.82,1.1440000000000001,2.3
"Corn, canned, cooked with oil",Corn,91,79.04,4.31,1.6,3,13.92,2.22,199,0.43,0.032,0.27,13,45,128,0.31,4.1,0.636,1.9
"Corn, canned, cooked with butter or margarine",Corn,84,79.7,4.31,1.6,4,13.93,2.24,218,0.34,0.032,0.26,13,45,129,0.31,3.36,1.285,1.9
"Corn, creamed",Corn,72,78.73,3.23,4.1,3,18.13,1.74,261,0.07,0.052000000000000005,0.38,17,51,134,0.53,0.42,0.065,1.2
"Corn, canned, reduced sodium, cooked, no added fat",Corn,66,81.3,4.46,2.5,4,14.9,2.1,13,0.03,0.03,0.39,16,49,146,0.42,0.83,0.083,1.8
"Corn, canned, reduced sodium, cooked, fat added, NS as to fat type",Corn,88,79.07,4.33,2.4,5,14.48,2.04,23,0.35,0.028999999999999998,0.38,16,48,142,0.41,3.54,0.858,1.8
"Corn, canned, reduced sodium, cooked with oil",Corn,91,78.71,4.33,2.4,4,14.47,2.04,13,0.4,0.028999999999999998,0.38,16,48,142,0.41,3.94,0.509,1.8
"Corn, canned, reduced sodium, cooked with butter or margarine",Corn,84,79.42,4.33,2.4,5,14.48,2.05,33,0.3,0.028999999999999998,0.38,16,49,143,0.41,3.14,1.207,1.8
"Cucumber, cooked",Other vegetables and combinations,44,91.2,1.9,2.7,19,4.14,0.75,146,0.38,0.047,0.32,15,28,168,0.23,3.11,0.89,0.6
"Eggplant, cooked, no added fat",Other vegetables and combinations,27,91.42,3.78,2.0,10,6.3,1.05,127,0.32,0.087,0.25,15,26,246,0.17,0.19,0.036000000000000004,3.2
"Eggplant, cooked, fat added",Other vegetables and combinations,50,88.9,3.68,1.9,10,6.13,1.03,133,0.63,0.084,0.24,15,25,239,0.17,2.92,0.8109999999999999,3.1
"Flowers or blossoms of sesbania, squash, or lily, cooked",Other vegetables and combinations,37,92.49,2.32,4.8,36,3.2,1.06,128,0.33,0.09699999999999999,0.86,24,33,103,0.1,2.61,0.7609999999999999,0.9
"Kohlrabi, cooked",Other vegetables and combinations,51,87.94,2.62,53.1,25,6.26,1.72,147,0.79,0.13,0.41,19,47,353,0.03,2.74,0.764,3.6
"Lotus root, cooked",Other vegetables and combinations,86,79.15,0.48,26.5,26,15.51,1.54,166,0.3,0.21,0.87,21,76,352,0.32,2.6,0.741,3.0
"Mushrooms, fresh, cooked, no added fat",Other vegetables and combinations,27,90.22,2.47,2.2,4,4.06,3.85,151,0.01,0.396,0.62,11,107,396,0.65,0.42,0.062,1.2
"Mushrooms, NS as to form, cooked",Other vegetables and combinations,55,87.28,2.4,2.2,4,3.95,3.75,159,0.38,0.385,0.61,11,104,385,0.63,3.58,0.9620000000000001,1.2
"Mushrooms, fresh, cooked, fat added, NS as to fat type",Other vegetables and combinations,55,87.28,2.4,2.2,4,3.95,3.75,159,0.38,0.385,0.61,11,104,385,0.63,3.58,0.9620000000000001,1.2
"Mushrooms, canned, cooked",Other vegetables and combinations,47,88.76,2.27,0.0,11,4.95,1.82,422,0.31,0.228,0.77,15,64,126,0.7,2.82,0.76,2.3
"Mushrooms, fresh, cooked with oil",Other vegetables and combinations,59,86.87,2.4,2.2,4,3.94,3.74,147,0.44,0.385,0.61,11,104,385,0.63,4.04,0.557,1.2
"Mushrooms, fresh, cooked with butter or margarine",Other vegetables and combinations,51,87.69,2.4,2.2,5,3.96,3.76,171,0.32,0.385,0.61,11,105,386,0.63,3.12,1.3659999999999999,1.2
"Mushroom, Asian, cooked, from dried",Other vegetables and combinations,56,83.23,3.83,0.3,3,14.35,1.56,120,0.0,0.893,0.44,14,29,117,1.33,0.22,0.05,2.1
"Okra, fresh, cooked, no added fat",Other vegetables and combinations,35,88.51,1.59,21.0,88,7.99,2.07,132,0.29,0.11699999999999999,0.66,61,65,321,0.62,0.2,0.027999999999999997,3.4
"Okra, frozen, cooked, no added fat",Other vegetables and combinations,29,90.85,2.86,9.6,74,6.39,1.62,119,0.32,0.076,0.52,40,37,183,0.49,0.24,0.063,2.1
"Okra, NS as to form, cooked",Other vegetables and combinations,59,86.07,1.54,20.4,86,7.76,2.02,139,0.6,0.113,0.65,59,64,312,0.6,2.92,0.802,3.3
"Okra, fresh, cooked, fat added",Other vegetables and combinations,59,86.07,1.54,20.4,86,7.76,2.02,139,0.6,0.113,0.65,59,64,312,0.6,2.92,0.802,3.3
"Okra, frozen, cooked, fat added",Other vegetables and combinations,51,88.54,2.78,9.3,72,6.21,1.59,125,0.6,0.07400000000000001,0.51,39,36,178,0.48,2.77,0.782,2.0
"Luffa, cooked",Other vegetables and combinations,59,86.07,1.54,20.4,86,7.76,2.02,139,0.6,0.113,0.65,59,64,312,0.6,2.92,0.802,3.3
"Palm hearts, cooked",Other vegetables and combinations,134,67.61,16.61,6.6,18,24.8,2.62,136,0.78,0.623,1.64,10,136,1749,3.61,2.73,0.765,1.5
"Parsnips, cooked",Other vegetables and combinations,91,78.01,4.65,12.6,36,16.47,1.29,132,1.26,0.134,0.56,28,67,356,0.25,2.83,0.769,3.5
"Blackeyed peas, from frozen",Other starchy vegetables,150,64.32,4.32,2.5,23,23.01,8.23,127,0.59,0.17800000000000002,2.06,48,118,363,1.38,3.18,0.89,6.2
"Blackeyed peas, from canned",Other starchy vegetables,150,64.01,4.3,2.5,23,22.9,8.19,313,0.58,0.177,2.04,48,118,362,1.37,3.16,0.8859999999999999,6.2
"Green peas, cooked, from restaurant",Other starchy vegetables,118,74.26,5.6,33.6,25,14.28,5.37,212,0.63,0.174,1.46,33,107,242,1.23,4.71,1.296,5.6
"Green peas, fresh, cooked, no added fat",Other starchy vegetables,84,77.74,5.89,35.3,26,15.01,5.63,126,0.14,0.183,1.53,34,112,253,1.29,0.42,0.07400000000000001,5.9
"Green peas, frozen, cooked, no added fat",Other starchy vegetables,78,79.28,4.39,9.9,24,14.22,5.14,188,0.03,0.105,1.52,22,77,110,0.67,0.27,0.049,4.5
"Green peas, canned, cooked, no added fat",Other starchy vegetables,68,82.29,2.99,3.8,23,11.36,4.47,273,0.38,0.106,1.18,18,67,106,0.66,0.8,0.14300000000000002,4.9
"Green peas, NS as to form, cooked",Other starchy vegetables,98,77.31,4.26,9.6,24,13.81,4.99,192,0.32,0.102,1.47,21,75,107,0.65,2.8,0.768,4.4
"Green peas, fresh, cooked, fat added, NS as to fat type",Other starchy vegetables,105,75.7,5.72,34.3,26,14.58,5.47,132,0.44,0.177,1.48,33,109,246,1.25,3.05,0.823,5.7
"Green peas, frozen, cooked, fat added, NS as to fat type",Other starchy vegetables,98,77.31,4.26,9.6,24,13.81,4.99,192,0.32,0.102,1.47,21,75,107,0.65,2.8,0.768,4.4
"Green peas, canned, cooked, fat added, NS as to fat type",Other starchy vegetables,89,80.22,2.9,3.7,23,11.03,4.35,275,0.66,0.10300000000000001,1.15,18,65,103,0.64,3.32,0.862,4.8
"Green peas, fresh, cooked with oil",Other starchy vegetables,108,75.36,5.72,34.3,25,14.57,5.46,122,0.49,0.177,1.49,33,109,246,1.25,3.43,0.485,5.7
"Green peas, fresh, cooked with butter or margarine",Other starchy vegetables,102,76.04,5.72,34.3,26,14.58,5.48,142,0.39,0.177,1.48,33,110,247,1.25,2.66,1.16,5.7
"Green peas, frozen, cooked with oil",Other starchy vegetables,101,76.98,4.26,9.6,23,13.8,4.99,182,0.37,0.102,1.48,21,75,106,0.65,3.17,0.445,4.4
"Green peas, frozen, cooked with butter or margarine",Other starchy vegetables,95,77.64,4.26,9.6,24,13.82,5.0,201,0.28,0.102,1.47,21,75,107,0.65,2.43,1.092,4.4
"Green peas, canned, cooked with oil",Other starchy vegetables,92,79.89,2.9,3.7,22,11.03,4.34,265,0.71,0.10300000000000001,1.15,17,65,103,0.64,3.69,0.537,4.8
"Green peas, canned, cooked with butter or margarine",Other starchy vegetables,85,80.55,2.9,3.7,23,11.04,4.36,284,0.62,0.10300000000000001,1.15,18,66,104,0.64,2.95,1.186,4.8
"Green peas, canned, reduced sodium, cooked, no added fat",Other starchy vegetables,66,82.4,4.0,11.0,22,12.19,3.99,11,0.02,0.135,1.27,21,66,125,0.88,0.38,0.068,4.1
"Green peas, canned, reduced sodium, cooked, fat added, NS as to fat type",Other starchy vegetables,92,79.68,3.88,10.7,22,11.84,3.88,23,0.4,0.131,1.24,21,65,122,0.85,3.54,0.9690000000000001,4.0
"Green peas, canned, reduced sodium, cooked with oil",Other starchy vegetables,97,79.27,3.88,10.7,22,11.83,3.87,11,0.45,0.131,1.24,21,64,121,0.85,4.0,0.563,4.0
"Green peas, canned, reduced sodium, cooked with butter or margarine",Other starchy vegetables,88,80.1,3.88,10.7,23,11.85,3.89,35,0.34,0.131,1.24,21,65,122,0.85,3.08,1.375,4.0
"Peppers, green, cooked",Other vegetables and combinations,44,90.86,2.42,68.9,11,4.68,0.88,130,0.68,0.067,0.35,10,20,177,0.13,2.81,0.809,1.7
"Peppers, red, cooked",Other red and orange vegetables,50,89.16,4.24,109.5,8,6.09,1.01,131,1.9,0.017,0.44,12,27,213,0.25,2.94,0.81,2.1
"Daikon radish, cooked",Other vegetables and combinations,38,92.56,1.8,12.2,25,3.3,0.67,160,0.3,0.048,0.33,10,20,226,0.27,2.63,0.752,1.5
"Rutabaga, cooked",Other vegetables and combinations,63,85.92,4.64,22.1,45,8.98,1.13,144,0.63,0.033,0.46,21,55,318,0.25,2.89,0.8029999999999999,2.4
"Salsify, cooked",Other vegetables and combinations,88,78.74,2.81,4.5,46,14.88,2.65,138,0.48,0.068,0.54,17,54,274,0.29,2.7,0.7609999999999999,3.0
"Snowpea, fresh, cooked, no added fat",Other vegetables and combinations,44,88.15,4.15,53.0,45,7.84,2.91,125,0.4,0.08199999999999999,2.16,25,55,208,0.28,0.21,0.040999999999999995,2.7
"Snowpea, frozen, cooked, no added fat",Other vegetables and combinations,52,86.34,4.81,21.9,59,8.99,3.49,121,0.47,0.09,2.39,28,58,216,0.49,0.38,0.073,3.1
"Snowpea, NS as to form, cooked",Other vegetables and combinations,66,85.81,4.03,51.4,44,7.62,2.83,131,0.7,0.08,2.1,24,54,202,0.27,2.84,0.79,2.6
"Snowpea, fresh, cooked, fat added",Other vegetables and combinations,66,85.81,4.03,51.4,44,7.62,2.83,131,0.7,0.08,2.1,24,54,202,0.27,2.84,0.79,2.6
"Snowpea, frozen, cooked, fat added",Other vegetables and combinations,73,84.16,4.67,21.3,58,8.74,3.4,127,0.75,0.087,2.33,27,56,210,0.48,2.9,0.792,3.0
"Seaweed, cooked, no added fat",Other vegetables and combinations,41,82.2,0.58,12.8,129,7.94,3.51,384,0.96,0.226,2.28,77,60,165,0.89,0.49,0.146,0.7
"Seaweed, cooked, fat added",Other vegetables and combinations,63,80.11,0.56,12.4,126,7.71,3.41,383,1.23,0.21899999999999997,2.21,74,59,161,0.86,3.05,0.872,0.7
"Summer squash, yellow or green, fresh, cooked, no added fat",Other vegetables and combinations,21,93.24,3.16,18.5,22,4.1,1.3,142,0.15,0.085,0.48,22,41,283,0.36,0.35,0.10400000000000001,1.2
"Summer squash, yellow or green, frozen, cooked, no added fat",Other vegetables and combinations,21,93.21,2.0,5.2,19,4.54,1.21,120,0.14,0.06,0.5,20,33,223,0.27,0.16,0.033,1.3
"Summer squash, yellow or green, canned, cooked, no added fat",Other vegetables and combinations,13,95.28,1.18,2.4,12,2.94,0.6,312,0.12,0.079,0.7,13,21,95,0.29,0.07,0.015,1.4
"Summer squash, yellow or green, NS as to form, cooked",Other vegetables and combinations,47,90.41,3.06,18.0,22,3.99,1.27,149,0.49,0.083,0.46,22,40,275,0.35,3.32,0.9490000000000001,1.1
"Summer squash, yellow or green, fresh, cooked, fat added, NS as to fat type",Other vegetables and combinations,47,90.41,3.06,18.0,22,3.99,1.27,149,0.49,0.083,0.46,22,40,275,0.35,3.32,0.9490000000000001,1.1
"Summer squash, yellow or green, frozen, cooked, fat added, NS as to fat type",Other vegetables and combinations,43,90.83,1.95,5.1,18,4.41,1.18,126,0.43,0.057999999999999996,0.49,19,32,217,0.26,2.7,0.753,1.3
"Summer squash, yellow or green, canned, cooked, fat added, NS as to fat type",Other vegetables and combinations,35,92.85,1.15,2.3,12,2.86,0.6,313,0.41,0.077,0.69,13,21,93,0.28,2.59,0.732,1.3
"Summer squash, yellow or green, fresh, cooked with oil",Other vegetables and combinations,51,90.02,3.06,18.0,21,3.98,1.26,138,0.54,0.083,0.47,22,40,275,0.35,3.75,0.568,1.1
"Summer squash, yellow or green, fresh, cooked with butter or margarine",Other vegetables and combinations,43,90.79,3.06,18.0,22,3.99,1.28,161,0.44,0.083,0.46,22,41,276,0.35,2.89,1.33,1.1
"Summer squash, yellow or green, frozen, cooked with oil",Other vegetables and combinations,46,90.5,1.95,5.1,18,4.4,1.18,116,0.47,0.057999999999999996,0.49,19,32,216,0.26,3.06,0.43,1.3
"Summer squash, yellow or green, frozen, cooked with butter or margarine",Other vegetables and combinations,40,91.16,1.95,5.1,19,4.42,1.19,136,0.38,0.057999999999999996,0.48,19,33,217,0.26,2.33,1.077,1.3
"Summer squash, yellow or green, canned, cooked with oil",Other vegetables and combinations,38,92.53,1.15,2.3,12,2.85,0.59,303,0.46,0.077,0.69,13,20,93,0.28,2.96,0.41,1.3
"Summer squash, yellow or green, canned, cooked with butter or margarine",Other vegetables and combinations,32,93.18,1.15,2.3,13,2.86,0.6,322,0.36,0.077,0.68,13,21,93,0.28,2.23,1.054,1.3
"Spaghetti squash, cooked",Other red and orange vegetables,49,89.68,2.45,3.4,21,6.26,0.65,139,0.41,0.034,0.33,11,14,114,0.19,2.79,0.7809999999999999,1.4
"Turnip, cooked",Other vegetables and combinations,53,88.46,3.96,18.6,32,6.7,0.95,201,0.35,0.08800000000000001,0.32,11,28,199,0.28,2.83,0.787,1.9
Water Chesnut,Other starchy vegetables,78,78.78,3.84,2.0,6,19.22,1.38,12,0.78,0.156,1.36,8,30,184,0.59,0.09,0.025,3.9
"Winter melon, cooked",Other vegetables and combinations,36,93.32,1.14,10.2,18,2.95,0.4,226,0.37,0.021,0.37,10,17,5,0.57,2.73,0.736,1.0
"Lima beans and corn, cooked, no added fat",Other starchy vegetables,92,74.78,2.2,8.1,17,19.25,4.3,151,0.18,0.109,1.14,35,88,268,0.68,0.5,0.09,3.8
"Lima beans and corn, cooked, fat added",Other starchy vegetables,112,72.94,2.13,7.9,16,18.7,4.18,156,0.47,0.106,1.11,34,85,260,0.66,3.02,0.8079999999999999,3.7
"Peppers and onions, cooked, no added fat",Other vegetables and combinations,35,89.73,4.1,47.6,18,8.22,1.13,120,0.43,0.049,0.32,12,29,186,0.19,0.17,0.055999999999999994,2.0
"Peppers and onions, cooked, fat added",Other vegetables and combinations,57,87.46,3.98,46.3,18,7.98,1.1,126,0.71,0.048,0.32,11,28,181,0.19,2.7,0.775,1.9
"Classic mixed vegetables, cooked, from restaurant",Other vegetables and combinations,95,79.13,4.86,13.6,25,12.09,2.81,226,0.8,0.085,0.82,26,66,256,0.54,4.68,1.295,3.2
"Classic mixed vegetables, frozen, cooked, no added fat",Other vegetables and combinations,65,82.98,3.11,3.2,25,13.05,2.85,151,0.38,0.083,0.82,22,51,168,0.49,0.15,0.031,4.4
"Classic mixed vegetables, canned, cooked, no added fat",Other vegetables and combinations,45,87.56,2.8,2.6,22,8.84,2.11,250,0.31,0.071,0.72,13,40,128,0.36,0.65,0.129,2.6
"Classic mixed vegetables, NS as to form, cooked",Other vegetables and combinations,85,80.9,3.02,3.1,25,12.68,2.78,156,0.66,0.08,0.8,21,50,164,0.48,2.68,0.7509999999999999,4.3
"Classic mixed vegetables, frozen, cooked, fat added, NS as to fat type",Other vegetables and combinations,85,80.9,3.02,3.1,25,12.68,2.78,156,0.66,0.08,0.8,21,50,164,0.48,2.68,0.7509999999999999,4.3
"Classic mixed vegetables, canned, cooked, fat added, NS as to fat type",Other vegetables and combinations,66,85.34,2.72,2.5,21,8.59,2.06,253,0.6,0.069,0.7,13,39,125,0.35,3.18,0.848,2.5
"Classic mixed vegetables, frozen, cooked with oil",Other vegetables and combinations,89,80.57,3.02,3.1,24,12.67,2.77,146,0.71,0.08,0.8,21,49,164,0.47,3.05,0.42700000000000005,4.3
"Classic mixed vegetables, frozen, cooked with butter or margarine",Other vegetables and combinations,82,81.23,3.02,3.1,25,12.68,2.78,166,0.62,0.08,0.79,21,50,164,0.48,2.31,1.075,4.3
"Classic mixed vegetables, canned, cooked with oil",Other vegetables and combinations,70,85.01,2.72,2.5,21,8.58,2.05,243,0.64,0.069,0.7,13,39,125,0.35,3.54,0.524,2.5
"Classic mixed vegetables, canned, cooked with butter or margarine",Other vegetables and combinations,63,85.67,2.72,2.5,22,8.59,2.07,263,0.55,0.069,0.7,13,39,125,0.35,2.81,1.173,2.5
"Classic mixed vegetables, canned, reduced sodium, cooked, no added fat",Other vegetables and combinations,44,87.52,2.93,4.5,24,9.19,1.95,15,0.2,0.076,0.81,15,39,131,0.45,0.45,0.07,2.4
"Classic mixed vegetables, canned, reduced sodium, cooked, fat added, NS as to fat type",Other vegetables and combinations,67,85.09,2.84,4.3,24,8.93,1.9,25,0.52,0.073,0.79,14,38,128,0.43,3.19,0.8490000000000001,2.3
"Classic mixed vegetables, canned, reduced sodium, cooked with oil",Other vegetables and combinations,71,84.73,2.84,4.3,23,8.93,1.89,15,0.57,0.073,0.79,14,38,127,0.43,3.59,0.498,2.3
"Classic mixed vegetables, canned, reduced sodium, cooked with butter or margarine",Other vegetables and combinations,64,85.44,2.84,4.3,24,8.94,1.91,35,0.47,0.073,0.79,14,38,128,0.44,2.79,1.2,2.3
"Peas and corn, cooked, no added fat",Other starchy vegetables,79,78.04,3.72,6.7,14,16.73,3.84,152,0.05,0.076,0.99,25,78,171,0.65,0.47,0.076,3.4
"Peas and corn, cooked, fat added",Other starchy vegetables,99,76.1,3.62,6.5,14,16.25,3.74,157,0.34,0.07400000000000001,0.97,24,76,166,0.63,2.99,0.794,3.3
"Vegetables, stew type, cooked, fat added",Other vegetables and combinations,95,78.85,3.04,8.8,19,14.88,1.45,176,0.64,0.124,0.31,18,41,321,0.25,3.59,1.011,1.9
"Vegetables, stew type, cooked, no added fat",Other vegetables and combinations,67,81.62,3.14,9.2,19,15.51,1.49,162,0.24,0.13,0.32,18,42,333,0.26,0.15,0.032,2.0
"Broccoli and cauliflower, cooked, no added fat",Other vegetables and combinations,23,92.08,1.26,35.6,25,4.54,2.35,130,0.69,0.028999999999999998,0.51,11,36,140,0.2,0.17,0.026000000000000002,2.8
"Broccoli and cauliflower, cooked, fat added",Other vegetables and combinations,45,89.74,1.22,34.6,25,4.41,2.29,136,0.96,0.027999999999999997,0.5,11,36,136,0.2,2.7,0.746,2.8
"Broccoli, cauliflower and carrots, cooked, no added fat",Other vegetables and combinations,28,91.4,2.19,24.5,28,5.59,1.76,146,0.79,0.047,0.52,11,35,157,0.25,0.34,0.057,3.0
"Broccoli, cauliflower and carrots, cooked, fat added",Other vegetables and combinations,50,89.06,2.13,23.8,28,5.43,1.72,152,1.07,0.045,0.5,11,34,153,0.25,2.89,0.7829999999999999,2.9
"Asian stir fry vegetables, cooked, no added fat",Other vegetables and combinations,46,86.74,3.71,34.1,38,9.83,2.14,136,0.65,0.077,1.1,18,47,266,0.39,0.28,0.066,2.9
"Asian stir fry vegetables, cooked, fat added",Other vegetables and combinations,67,84.54,3.6,33.1,37,9.55,2.09,142,0.92,0.075,1.08,17,46,258,0.38,2.82,0.7859999999999999,2.9
"Jai, Monk's Food",Other vegetables and combinations,62,84.88,1.37,5.6,54,8.45,4.15,14,0.1,0.235,0.86,21,64,179,0.57,1.86,0.28300000000000003,1.4
"Green plantain with cracklings, Puerto Rican style",Other starchy vegetables,329,38.78,14.81,10.9,5,27.42,10.19,455,1.44,0.084,0.74,39,131,504,0.98,21.04,4.756,1.4
