,fruit_name,ID,Name,Number,Unit,Value
0,"Apple, raw",1003,Protein,203,G,0.26
1,"Apple, raw",1004,Total lipid (fat),204,G,0.17
2,"Apple, raw",1005,"Carbohydrate, by difference",205,G,13.81
3,"Apple, raw",1008,Energy,208,KCAL,52.0
4,"Apple, raw",1018,"Alcohol, ethyl",221,G,0.0
5,"Apple, raw",1051,Water,255,G,85.56
6,"Apple, raw",1057,Caffeine,262,MG,0.0
7,"Apple, raw",1058,Theobromine,263,MG,0.0
8,"Apple, raw",2000,"Sugars, total including NLEA",269,G,10.39
9,"Apple, raw",1079,"Fiber, total dietary",291,G,2.4
10,"Apple, raw",1087,"Calcium, Ca",301,MG,6.0
11,"Apple, raw",1089,"Iron, Fe",303,MG,0.12
12,"Apple, raw",1090,"Magnesium, Mg",304,MG,5.0
13,"Apple, raw",1091,"Phosphorus, P",305,MG,11.0
14,"Apple, raw",1092,"Potassium, K",306,MG,107.0
15,"Apple, raw",1093,"Sodium, Na",307,MG,1.0
16,"Apple, raw",1095,"Zinc, Zn",309,MG,0.04
17,"Apple, raw",1098,"Copper, Cu",312,MG,0.027
18,"Apple, raw",1103,"Selenium, Se",317,UG,0.0
19,"Apple, raw",1105,Retinol,319,UG,0.0
20,"Apple, raw",1106,"Vitamin A, RAE",320,UG,3.0
21,"Apple, raw",1107,"Carotene, beta",321,UG,27.0
22,"Apple, raw",1108,"Carotene, alpha",322,UG,0.0
23,"Apple, raw",1109,Vitamin E (alpha-tocopherol),323,MG,0.18
24,"Apple, raw",1114,Vitamin D (D2 + D3),328,UG,0.0
25,"Apple, raw",1120,"Cryptoxanthin, beta",334,UG,11.0
26,"Apple, raw",1122,Lycopene,337,UG,0.0
27,"Apple, raw",1123,Lutein + zeaxanthin,338,UG,29.0
28,"Apple, raw",1162,"Vitamin C, total ascorbic acid",401,MG,4.6
29,"Apple, raw",1165,Thiamin,404,MG,0.017
30,"Apple, raw",1166,Riboflavin,405,MG,0.026
31,"Apple, raw",1167,Niacin,406,MG,0.091
32,"Apple, raw",1175,Vitamin B-6,415,MG,0.041
33,"Apple, raw",1177,"Folate, total",417,UG,3.0
34,"Apple, raw",1178,Vitamin B-12,418,UG,0.0
35,"Apple, raw",1180,"Choline, total",421,MG,3.4
36,"Apple, raw",1185,Vitamin K (phylloquinone),430,UG,2.2
37,"Apple, raw",1186,Folic acid,431,UG,0.0
38,"Apple, raw",1187,"Folate, food",432,UG,3.0
39,"Apple, raw",1190,"Folate, DFE",435,UG,3.0
40,"Apple, raw",1242,"Vitamin E, added",573,MG,0.0
41,"Apple, raw",1246,"Vitamin B-12, added",578,UG,0.0
42,"Apple, raw",1253,Cholesterol,601,MG,0.0
43,"Apple, raw",1258,"Fatty acids, total saturated",606,G,0.028
44,"Apple, raw",1259,4:0,607,G,0.0
45,"Apple, raw",1260,6:0,608,G,0.0
46,"Apple, raw",1261,8:0,609,G,0.0
47,"Apple, raw",1262,10:0,610,G,0.0
48,"Apple, raw",1263,12:0,611,G,0.0
49,"Apple, raw",1264,14:0,612,G,0.001
50,"Apple, raw",1265,16:0,613,G,0.024
51,"Apple, raw",1266,18:0,614,G,0.003
52,"Apple, raw",1268,18:1,617,G,0.007
53,"Apple, raw",1269,18:2,618,G,0.043
54,"Apple, raw",1270,18:3,619,G,0.009
55,"Apple, raw",1271,20:4,620,G,0.0
56,"Apple, raw",1272,22:6 n-3 (DHA),621,G,0.0
57,"Apple, raw",1275,16:1,626,G,0.0
58,"Apple, raw",1276,18:4,627,G,0.0
59,"Apple, raw",1277,20:1,628,G,0.0
60,"Apple, raw",1278,20:5 n-3 (EPA),629,G,0.0
61,"Apple, raw",1279,22:1,630,G,0.0
62,"Apple, raw",1280,22:5 n-3 (DPA),631,G,0.0
63,"Apple, raw",1292,"Fatty acids, total monounsaturated",645,G,0.007
64,"Apple, raw",1293,"Fatty acids, total polyunsaturated",646,G,0.051
65,"Banana, raw",1003,Protein,203,G,1.09
66,"Banana, raw",1004,Total lipid (fat),204,G,0.33
67,"Banana, raw",1005,"Carbohydrate, by difference",205,G,22.84
68,"Banana, raw",1008,Energy,208,KCAL,89.0
69,"Banana, raw",1018,"Alcohol, ethyl",221,G,0.0
70,"Banana, raw",1051,Water,255,G,74.91
71,"Banana, raw",1057,Caffeine,262,MG,0.0
72,"Banana, raw",1058,Theobromine,263,MG,0.0
73,"Banana, raw",2000,"Sugars, total including NLEA",269,G,12.23
74,"Banana, raw",1079,"Fiber, total dietary",291,G,2.6
75,"Banana, raw",1087,"Calcium, Ca",301,MG,5.0
76,"Banana, raw",1089,"Iron, Fe",303,MG,0.26
77,"Banana, raw",1090,"Magnesium, Mg",304,MG,27.0
78,"Banana, raw",1091,"Phosphorus, P",305,MG,22.0
79,"Banana, raw",1092,"Potassium, K",306,MG,358.0
80,"Banana, raw",1093,"Sodium, Na",307,MG,1.0
81,"Banana, raw",1095,"Zinc, Zn",309,MG,0.15
82,"Banana, raw",1098,"Copper, Cu",312,MG,0.078
83,"Banana, raw",1103,"Selenium, Se",317,UG,1.0
84,"Banana, raw",1105,Retinol,319,UG,0.0
85,"Banana, raw",1106,"Vitamin A, RAE",320,UG,3.0
86,"Banana, raw",1107,"Carotene, beta",321,UG,26.0
87,"Banana, raw",1108,"Carotene, alpha",322,UG,25.0
88,"Banana, raw",1109,Vitamin E (alpha-tocopherol),323,MG,0.1
89,"Banana, raw",1114,Vitamin D (D2 + D3),328,UG,0.0
90,"Banana, raw",1120,"Cryptoxanthin, beta",334,UG,0.0
91,"Banana, raw",1122,Lycopene,337,UG,0.0
92,"Banana, raw",1123,Lutein + zeaxanthin,338,UG,22.0
93,"Banana, raw",1162,"Vitamin C, total ascorbic acid",401,MG,8.7
94,"Banana, raw",1165,Thiamin,404,MG,0.031
95,"Banana, raw",1166,Riboflavin,405,MG,0.073
96,"Banana, raw",1167,Niacin,406,MG,0.665
97,"Banana, raw",1175,Vitamin B-6,415,MG,0.367
98,"Banana, raw",1177,"Folate, total",417,UG,20.0
99,"Banana, raw",1178,Vitamin B-12,418,UG,0.0
100,"Banana, raw",1180,"Choline, total",421,MG,9.8
101,"Banana, raw",1185,Vitamin K (phylloquinone),430,UG,0.5
102,"Banana, raw",1186,Folic acid,431,UG,0.0
103,"Banana, raw",1187,"Folate, food",432,UG,20.0
104,"Banana, raw",1190,"Folate, DFE",435,UG,20.0
105,"Banana, raw",1242,"Vitamin E, added",573,MG,0.0
106,"Banana, raw",1246,"Vitamin B-12, added",578,UG,0.0
107,"Banana, raw",1253,Cholesterol,601,MG,0.0
108,"Banana, raw",1258,"Fatty acids, total saturated",606,G,0.112
109,"Banana, raw",1259,4:0,607,G,0.0
110,"Banana, raw",1260,6:0,608,G,0.0
111,"Banana, raw",1261,8:0,609,G,0.0
112,"Banana, raw",1262,10:0,610,G,0.001
113,"Banana, raw",1263,12:0,611,G,0.002
114,"Banana, raw",1264,14:0,612,G,0.002
115,"Banana, raw",1265,16:0,613,G,0.102
116,"Banana, raw",1266,18:0,614,G,0.005
117,"Banana, raw",1268,18:1,617,G,0.022
118,"Banana, raw",1269,18:2,618,G,0.046
119,"Banana, raw",1270,18:3,619,G,0.027
120,"Banana, raw",1271,20:4,620,G,0.0
121,"Banana, raw",1272,22:6 n-3 (DHA),621,G,0.0
122,"Banana, raw",1275,16:1,626,G,0.01
123,"Banana, raw",1276,18:4,627,G,0.0
124,"Banana, raw",1277,20:1,628,G,0.0
125,"Banana, raw",1278,20:5 n-3 (EPA),629,G,0.0
126,"Banana, raw",1279,22:1,630,G,0.0
127,"Banana, raw",1280,22:5 n-3 (DPA),631,G,0.0
128,"Banana, raw",1292,"Fatty acids, total monounsaturated",645,G,0.032
129,"Banana, raw",1293,"Fatty acids, total polyunsaturated",646,G,0.073
130,"Blueberries, raw",1003,Protein,203,G,0.74
131,"Blueberries, raw",1004,Total lipid (fat),204,G,0.33
132,"Blueberries, raw",1005,"Carbohydrate, by difference",205,G,14.49
133,"Blueberries, raw",1008,Energy,208,KCAL,57.0
134,"Blueberries, raw",1018,"Alcohol, ethyl",221,G,0.0
135,"Blueberries, raw",1051,Water,255,G,84.21
136,"Blueberries, raw",1057,Caffeine,262,MG,0.0
137,"Blueberries, raw",1058,Theobromine,263,MG,0.0
138,"Blueberries, raw",2000,"Sugars, total including NLEA",269,G,9.96
139,"Blueberries, raw",1079,"Fiber, total dietary",291,G,2.4
140,"Blueberries, raw",1087,"Calcium, Ca",301,MG,6.0
141,"Blueberries, raw",1089,"Iron, Fe",303,MG,0.28
142,"Blueberries, raw",1090,"Magnesium, Mg",304,MG,6.0
143,"Blueberries, raw",1091,"Phosphorus, P",305,MG,12.0
144,"Blueberries, raw",1092,"Potassium, K",306,MG,77.0
145,"Blueberries, raw",1093,"Sodium, Na",307,MG,1.0
146,"Blueberries, raw",1095,"Zinc, Zn",309,MG,0.16
147,"Blueberries, raw",1098,"Copper, Cu",312,MG,0.057
148,"Blueberries, raw",1103,"Selenium, Se",317,UG,0.1
149,"Blueberries, raw",1105,Retinol,319,UG,0.0
150,"Blueberries, raw",1106,"Vitamin A, RAE",320,UG,3.0
151,"Blueberries, raw",1107,"Carotene, beta",321,UG,32.0
152,"Blueberries, raw",1108,"Carotene, alpha",322,UG,0.0
153,"Blueberries, raw",1109,Vitamin E (alpha-tocopherol),323,MG,0.57
154,"Blueberries, raw",1114,Vitamin D (D2 + D3),328,UG,0.0
155,"Blueberries, raw",1120,"Cryptoxanthin, beta",334,UG,0.0
156,"Blueberries, raw",1122,Lycopene,337,UG,0.0
157,"Blueberries, raw",1123,Lutein + zeaxanthin,338,UG,80.0
158,"Blueberries, raw",1162,"Vitamin C, total ascorbic acid",401,MG,9.7
159,"Blueberries, raw",1165,Thiamin,404,MG,0.037
160,"Blueberries, raw",1166,Riboflavin,405,MG,0.041
161,"Blueberries, raw",1167,Niacin,406,MG,0.418
162,"Blueberries, raw",1175,Vitamin B-6,415,MG,0.052
163,"Blueberries, raw",1177,"Folate, total",417,UG,6.0
164,"Blueberries, raw",1178,Vitamin B-12,418,UG,0.0
165,"Blueberries, raw",1180,"Choline, total",421,MG,6.0
166,"Blueberries, raw",1185,Vitamin K (phylloquinone),430,UG,19.3
167,"Blueberries, raw",1186,Folic acid,431,UG,0.0
168,"Blueberries, raw",1187,"Folate, food",432,UG,6.0
169,"Blueberries, raw",1190,"Folate, DFE",435,UG,6.0
170,"Blueberries, raw",1242,"Vitamin E, added",573,MG,0.0
171,"Blueberries, raw",1246,"Vitamin B-12, added",578,UG,0.0
172,"Blueberries, raw",1253,Cholesterol,601,MG,0.0
173,"Blueberries, raw",1258,"Fatty acids, total saturated",606,G,0.028
174,"Blueberries, raw",1259,4:0,607,G,0.0
175,"Blueberries, raw",1260,6:0,608,G,0.0
176,"Blueberries, raw",1261,8:0,609,G,0.0
177,"Blueberries, raw",1262,10:0,610,G,0.0
178,"Blueberries, raw",1263,12:0,611,G,0.0
179,"Blueberries, raw",1264,14:0,612,G,0.0
180,"Blueberries, raw",1265,16:0,613,G,0.017
181,"Blueberries, raw",1266,18:0,614,G,0.005
182,"Blueberries, raw",1268,18:1,617,G,0.047
183,"Blueberries, raw",1269,18:2,618,G,0.088
184,"Blueberries, raw",1270,18:3,619,G,0.058
185,"Blueberries, raw",1271,20:4,620,G,0.0
186,"Blueberries, raw",1272,22:6 n-3 (DHA),621,G,0.0
187,"Blueberries, raw",1275,16:1,626,G,0.002
188,"Blueberries, raw",1276,18:4,627,G,0.0
189,"Blueberries, raw",1277,20:1,628,G,0.0
190,"Blueberries, raw",1278,20:5 n-3 (EPA),629,G,0.0
191,"Blueberries, raw",1279,22:1,630,G,0.0
192,"Blueberries, raw",1280,22:5 n-3 (DPA),631,G,0.0
193,"Blueberries, raw",1292,"Fatty acids, total monounsaturated",645,G,0.047
194,"Blueberries, raw",1293,"Fatty acids, total polyunsaturated",646,G,0.146
195,"Lemon, raw",1003,Protein,203,G,1.1
196,"Lemon, raw",1004,Total lipid (fat),204,G,0.3
197,"Lemon, raw",1005,"Carbohydrate, by difference",205,G,9.32
198,"Lemon, raw",1008,Energy,208,KCAL,29.0
199,"Lemon, raw",1018,"Alcohol, ethyl",221,G,0.0
200,"Lemon, raw",1051,Water,255,G,88.98
201,"Lemon, raw",1057,Caffeine,262,MG,0.0
202,"Lemon, raw",1058,Theobromine,263,MG,0.0
203,"Lemon, raw",2000,"Sugars, total including NLEA",269,G,2.5
204,"Lemon, raw",1079,"Fiber, total dietary",291,G,2.8
205,"Lemon, raw",1087,"Calcium, Ca",301,MG,26.0
206,"Lemon, raw",1089,"Iron, Fe",303,MG,0.6
207,"Lemon, raw",1090,"Magnesium, Mg",304,MG,8.0
208,"Lemon, raw",1091,"Phosphorus, P",305,MG,16.0
209,"Lemon, raw",1092,"Potassium, K",306,MG,138.0
210,"Lemon, raw",1093,"Sodium, Na",307,MG,2.0
211,"Lemon, raw",1095,"Zinc, Zn",309,MG,0.06
212,"Lemon, raw",1098,"Copper, Cu",312,MG,0.037
213,"Lemon, raw",1103,"Selenium, Se",317,UG,0.4
214,"Lemon, raw",1105,Retinol,319,UG,0.0
215,"Lemon, raw",1106,"Vitamin A, RAE",320,UG,1.0
216,"Lemon, raw",1107,"Carotene, beta",321,UG,3.0
217,"Lemon, raw",1108,"Carotene, alpha",322,UG,1.0
218,"Lemon, raw",1109,Vitamin E (alpha-tocopherol),323,MG,0.15
219,"Lemon, raw",1114,Vitamin D (D2 + D3),328,UG,0.0
220,"Lemon, raw",1120,"Cryptoxanthin, beta",334,UG,20.0
221,"Lemon, raw",1122,Lycopene,337,UG,0.0
222,"Lemon, raw",1123,Lutein + zeaxanthin,338,UG,11.0
223,"Lemon, raw",1162,"Vitamin C, total ascorbic acid",401,MG,53.0
224,"Lemon, raw",1165,Thiamin,404,MG,0.04
225,"Lemon, raw",1166,Riboflavin,405,MG,0.02
226,"Lemon, raw",1167,Niacin,406,MG,0.1
227,"Lemon, raw",1175,Vitamin B-6,415,MG,0.08
228,"Lemon, raw",1177,"Folate, total",417,UG,11.0
229,"Lemon, raw",1178,Vitamin B-12,418,UG,0.0
230,"Lemon, raw",1180,"Choline, total",421,MG,5.1
231,"Lemon, raw",1185,Vitamin K (phylloquinone),430,UG,0.0
232,"Lemon, raw",1186,Folic acid,431,UG,0.0
233,"Lemon, raw",1187,"Folate, food",432,UG,11.0
234,"Lemon, raw",1190,"Folate, DFE",435,UG,11.0
235,"Lemon, raw",1242,"Vitamin E, added",573,MG,0.0
236,"Lemon, raw",1246,"Vitamin B-12, added",578,UG,0.0
237,"Lemon, raw",1253,Cholesterol,601,MG,0.0
238,"Lemon, raw",1258,"Fatty acids, total saturated",606,G,0.039
239,"Lemon, raw",1259,4:0,607,G,0.0
240,"Lemon, raw",1260,6:0,608,G,0.0
241,"Lemon, raw",1261,8:0,609,G,0.0
242,"Lemon, raw",1262,10:0,610,G,0.0
243,"Lemon, raw",1263,12:0,611,G,0.0
244,"Lemon, raw",1264,14:0,612,G,0.001
245,"Lemon, raw",1265,16:0,613,G,0.035
246,"Lemon, raw",1266,18:0,614,G,0.002
247,"Lemon, raw",1268,18:1,617,G,0.01
248,"Lemon, raw",1269,18:2,618,G,0.063
249,"Lemon, raw",1270,18:3,619,G,0.026
250,"Lemon, raw",1271,20:4,620,G,0.0
251,"Lemon, raw",1272,22:6 n-3 (DHA),621,G,0.0
252,"Lemon, raw",1275,16:1,626,G,0.001
253,"Lemon, raw",1276,18:4,627,G,0.0
254,"Lemon, raw",1277,20:1,628,G,0.0
255,"Lemon, raw",1278,20:5 n-3 (EPA),629,G,0.0
256,"Lemon, raw",1279,22:1,630,G,0.0
257,"Lemon, raw",1280,22:5 n-3 (DPA),631,G,0.0
258,"Lemon, raw",1292,"Fatty acids, total monounsaturated",645,G,0.011
259,"Lemon, raw",1293,"Fatty acids, total polyunsaturated",646,G,0.089
260,"Mango, raw",1003,Protein,203,G,0.82
261,"Mango, raw",1004,Total lipid (fat),204,G,0.38
262,"Mango, raw",1005,"Carbohydrate, by difference",205,G,14.98
263,"Mango, raw",1008,Energy,208,KCAL,60.0
264,"Mango, raw",1018,"Alcohol, ethyl",221,G,0.0
265,"Mango, raw",1051,Water,255,G,83.46
266,"Mango, raw",1057,Caffeine,262,MG,0.0
267,"Mango, raw",1058,Theobromine,263,MG,0.0
268,"Mango, raw",2000,"Sugars, total including NLEA",269,G,13.66
269,"Mango, raw",1079,"Fiber, total dietary",291,G,1.6
270,"Mango, raw",1087,"Calcium, Ca",301,MG,11.0
271,"Mango, raw",1089,"Iron, Fe",303,MG,0.16
272,"Mango, raw",1090,"Magnesium, Mg",304,MG,10.0
273,"Mango, raw",1091,"Phosphorus, P",305,MG,14.0
274,"Mango, raw",1092,"Potassium, K",306,MG,168.0
275,"Mango, raw",1093,"Sodium, Na",307,MG,1.0
276,"Mango, raw",1095,"Zinc, Zn",309,MG,0.09
277,"Mango, raw",1098,"Copper, Cu",312,MG,0.111
278,"Mango, raw",1103,"Selenium, Se",317,UG,0.6
279,"Mango, raw",1105,Retinol,319,UG,0.0
280,"Mango, raw",1106,"Vitamin A, RAE",320,UG,54.0
281,"Mango, raw",1107,"Carotene, beta",321,UG,640.0
282,"Mango, raw",1108,"Carotene, alpha",322,UG,9.0
283,"Mango, raw",1109,Vitamin E (alpha-tocopherol),323,MG,0.9
284,"Mango, raw",1114,Vitamin D (D2 + D3),328,UG,0.0
285,"Mango, raw",1120,"Cryptoxanthin, beta",334,UG,10.0
286,"Mango, raw",1122,Lycopene,337,UG,3.0
287,"Mango, raw",1123,Lutein + zeaxanthin,338,UG,23.0
288,"Mango, raw",1162,"Vitamin C, total ascorbic acid",401,MG,36.4
289,"Mango, raw",1165,Thiamin,404,MG,0.028
290,"Mango, raw",1166,Riboflavin,405,MG,0.038
291,"Mango, raw",1167,Niacin,406,MG,0.669
292,"Mango, raw",1175,Vitamin B-6,415,MG,0.119
293,"Mango, raw",1177,"Folate, total",417,UG,43.0
294,"Mango, raw",1178,Vitamin B-12,418,UG,0.0
295,"Mango, raw",1180,"Choline, total",421,MG,7.6
296,"Mango, raw",1185,Vitamin K (phylloquinone),430,UG,4.2
297,"Mango, raw",1186,Folic acid,431,UG,0.0
298,"Mango, raw",1187,"Folate, food",432,UG,43.0
299,"Mango, raw",1190,"Folate, DFE",435,UG,43.0
300,"Mango, raw",1242,"Vitamin E, added",573,MG,0.0
301,"Mango, raw",1246,"Vitamin B-12, added",578,UG,0.0
302,"Mango, raw",1253,Cholesterol,601,MG,0.0
303,"Mango, raw",1258,"Fatty acids, total saturated",606,G,0.092
304,"Mango, raw",1259,4:0,607,G,0.0
305,"Mango, raw",1260,6:0,608,G,0.0
306,"Mango, raw",1261,8:0,609,G,0.0
307,"Mango, raw",1262,10:0,610,G,0.0
308,"Mango, raw",1263,12:0,611,G,0.001
309,"Mango, raw",1264,14:0,612,G,0.013
310,"Mango, raw",1265,16:0,613,G,0.072
311,"Mango, raw",1266,18:0,614,G,0.004
312,"Mango, raw",1268,18:1,617,G,0.075
313,"Mango, raw",1269,18:2,618,G,0.019
314,"Mango, raw",1270,18:3,619,G,0.051
315,"Mango, raw",1271,20:4,620,G,0.0
316,"Mango, raw",1272,22:6 n-3 (DHA),621,G,0.0
317,"Mango, raw",1275,16:1,626,G,0.067
318,"Mango, raw",1276,18:4,627,G,0.0
319,"Mango, raw",1277,20:1,628,G,0.0
320,"Mango, raw",1278,20:5 n-3 (EPA),629,G,0.0
321,"Mango, raw",1279,22:1,630,G,0.0
322,"Mango, raw",1280,22:5 n-3 (DPA),631,G,0.0
323,"Mango, raw",1292,"Fatty acids, total monounsaturated",645,G,0.14
324,"Mango, raw",1293,"Fatty acids, total polyunsaturated",646,G,0.071
325,"Orange, raw",1003,Protein,203,G,0.94
326,"Orange, raw",1004,Total lipid (fat),204,G,0.12
327,"Orange, raw",1005,"Carbohydrate, by difference",205,G,11.75
328,"Orange, raw",1008,Energy,208,KCAL,47.0
329,"Orange, raw",1018,"Alcohol, ethyl",221,G,0.0
330,"Orange, raw",1051,Water,255,G,86.75
331,"Orange, raw",1057,Caffeine,262,MG,0.0
332,"Orange, raw",1058,Theobromine,263,MG,0.0
333,"Orange, raw",2000,"Sugars, total including NLEA",269,G,9.35
334,"Orange, raw",1079,"Fiber, total dietary",291,G,2.4
335,"Orange, raw",1087,"Calcium, Ca",301,MG,40.0
336,"Orange, raw",1089,"Iron, Fe",303,MG,0.1
337,"Orange, raw",1090,"Magnesium, Mg",304,MG,10.0
338,"Orange, raw",1091,"Phosphorus, P",305,MG,14.0
339,"Orange, raw",1092,"Potassium, K",306,MG,181.0
340,"Orange, raw",1093,"Sodium, Na",307,MG,0.0
341,"Orange, raw",1095,"Zinc, Zn",309,MG,0.07
342,"Orange, raw",1098,"Copper, Cu",312,MG,0.045
343,"Orange, raw",1103,"Selenium, Se",317,UG,0.5
344,"Orange, raw",1105,Retinol,319,UG,0.0
345,"Orange, raw",1106,"Vitamin A, RAE",320,UG,11.0
346,"Orange, raw",1107,"Carotene, beta",321,UG,71.0
347,"Orange, raw",1108,"Carotene, alpha",322,UG,11.0
348,"Orange, raw",1109,Vitamin E (alpha-tocopherol),323,MG,0.18
349,"Orange, raw",1114,Vitamin D (D2 + D3),328,UG,0.0
350,"Orange, raw",1120,"Cryptoxanthin, beta",334,UG,116.0
351,"Orange, raw",1122,Lycopene,337,UG,0.0
352,"Orange, raw",1123,Lutein + zeaxanthin,338,UG,129.0
353,"Orange, raw",1162,"Vitamin C, total ascorbic acid",401,MG,53.2
354,"Orange, raw",1165,Thiamin,404,MG,0.087
355,"Orange, raw",1166,Riboflavin,405,MG,0.04
356,"Orange, raw",1167,Niacin,406,MG,0.282
357,"Orange, raw",1175,Vitamin B-6,415,MG,0.06
358,"Orange, raw",1177,"Folate, total",417,UG,30.0
359,"Orange, raw",1178,Vitamin B-12,418,UG,0.0
360,"Orange, raw",1180,"Choline, total",421,MG,8.4
361,"Orange, raw",1185,Vitamin K (phylloquinone),430,UG,0.0
362,"Orange, raw",1186,Folic acid,431,UG,0.0
363,"Orange, raw",1187,"Folate, food",432,UG,30.0
364,"Orange, raw",1190,"Folate, DFE",435,UG,30.0
365,"Orange, raw",1242,"Vitamin E, added",573,MG,0.0
366,"Orange, raw",1246,"Vitamin B-12, added",578,UG,0.0
367,"Orange, raw",1253,Cholesterol,601,MG,0.0
368,"Orange, raw",1258,"Fatty acids, total saturated",606,G,0.015
369,"Orange, raw",1259,4:0,607,G,0.0
370,"Orange, raw",1260,6:0,608,G,0.0
371,"Orange, raw",1261,8:0,609,G,0.0
372,"Orange, raw",1262,10:0,610,G,0.0
373,"Orange, raw",1263,12:0,611,G,0.0
374,"Orange, raw",1264,14:0,612,G,0.0
375,"Orange, raw",1265,16:0,613,G,0.013
376,"Orange, raw",1266,18:0,614,G,0.0
377,"Orange, raw",1268,18:1,617,G,0.02
378,"Orange, raw",1269,18:2,618,G,0.018
379,"Orange, raw",1270,18:3,619,G,0.007
380,"Orange, raw",1271,20:4,620,G,0.0
381,"Orange, raw",1272,22:6 n-3 (DHA),621,G,0.0
382,"Orange, raw",1275,16:1,626,G,0.003
383,"Orange, raw",1276,18:4,627,G,0.0
384,"Orange, raw",1277,20:1,628,G,0.0
385,"Orange, raw",1278,20:5 n-3 (EPA),629,G,0.0
386,"Orange, raw",1279,22:1,630,G,0.0
387,"Orange, raw",1280,22:5 n-3 (DPA),631,G,0.0
388,"Orange, raw",1292,"Fatty acids, total monounsaturated",645,G,0.023
389,"Orange, raw",1293,"Fatty acids, total polyunsaturated",646,G,0.025
390,"Peach, raw",1003,Protein,203,G,0.91
391,"Peach, raw",1004,Total lipid (fat),204,G,0.25
392,"Peach, raw",1005,"Carbohydrate, by difference",205,G,9.54
393,"Peach, raw",1008,Energy,208,KCAL,39.0
394,"Peach, raw",1018,"Alcohol, ethyl",221,G,0.0
395,"Peach, raw",1051,Water,255,G,88.87
396,"Peach, raw",1057,Caffeine,262,MG,0.0
397,"Peach, raw",1058,Theobromine,263,MG,0.0
398,"Peach, raw",2000,"Sugars, total including NLEA",269,G,8.39
399,"Peach, raw",1079,"Fiber, total dietary",291,G,1.5
400,"Peach, raw",1087,"Calcium, Ca",301,MG,6.0
401,"Peach, raw",1089,"Iron, Fe",303,MG,0.25
402,"Peach, raw",1090,"Magnesium, Mg",304,MG,9.0
403,"Peach, raw",1091,"Phosphorus, P",305,MG,20.0
404,"Peach, raw",1092,"Potassium, K",306,MG,190.0
405,"Peach, raw",1093,"Sodium, Na",307,MG,0.0
406,"Peach, raw",1095,"Zinc, Zn",309,MG,0.17
407,"Peach, raw",1098,"Copper, Cu",312,MG,0.068
408,"Peach, raw",1103,"Selenium, Se",317,UG,0.1
409,"Peach, raw",1105,Retinol,319,UG,0.0
410,"Peach, raw",1106,"Vitamin A, RAE",320,UG,16.0
411,"Peach, raw",1107,"Carotene, beta",321,UG,162.0
412,"Peach, raw",1108,"Carotene, alpha",322,UG,0.0
413,"Peach, raw",1109,Vitamin E (alpha-tocopherol),323,MG,0.73
414,"Peach, raw",1114,Vitamin D (D2 + D3),328,UG,0.0
415,"Peach, raw",1120,"Cryptoxanthin, beta",334,UG,67.0
416,"Peach, raw",1122,Lycopene,337,UG,0.0
417,"Peach, raw",1123,Lutein + zeaxanthin,338,UG,91.0
418,"Peach, raw",1162,"Vitamin C, total ascorbic acid",401,MG,6.6
419,"Peach, raw",1165,Thiamin,404,MG,0.024
420,"Peach, raw",1166,Riboflavin,405,MG,0.031
421,"Peach, raw",1167,Niacin,406,MG,0.806
422,"Peach, raw",1175,Vitamin B-6,415,MG,0.025
423,"Peach, raw",1177,"Folate, total",417,UG,4.0
424,"Peach, raw",1178,Vitamin B-12,418,UG,0.0
425,"Peach, raw",1180,"Choline, total",421,MG,6.1
426,"Peach, raw",1185,Vitamin K (phylloquinone),430,UG,2.6
427,"Peach, raw",1186,Folic acid,431,UG,0.0
428,"Peach, raw",1187,"Folate, food",432,UG,4.0
429,"Peach, raw",1190,"Folate, DFE",435,UG,4.0
430,"Peach, raw",1242,"Vitamin E, added",573,MG,0.0
431,"Peach, raw",1246,"Vitamin B-12, added",578,UG,0.0
432,"Peach, raw",1253,Cholesterol,601,MG,0.0
433,"Peach, raw",1258,"Fatty acids, total saturated",606,G,0.019
434,"Peach, raw",1259,4:0,607,G,0.0
435,"Peach, raw",1260,6:0,608,G,0.0
436,"Peach, raw",1261,8:0,609,G,0.0
437,"Peach, raw",1262,10:0,610,G,0.0
438,"Peach, raw",1263,12:0,611,G,0.0
439,"Peach, raw",1264,14:0,612,G,0.0
440,"Peach, raw",1265,16:0,613,G,0.017
441,"Peach, raw",1266,18:0,614,G,0.002
442,"Peach, raw",1268,18:1,617,G,0.065
443,"Peach, raw",1269,18:2,618,G,0.084
444,"Peach, raw",1270,18:3,619,G,0.002
445,"Peach, raw",1271,20:4,620,G,0.0
446,"Peach, raw",1272,22:6 n-3 (DHA),621,G,0.0
447,"Peach, raw",1275,16:1,626,G,0.002
448,"Peach, raw",1276,18:4,627,G,0.0
449,"Peach, raw",1277,20:1,628,G,0.0
450,"Peach, raw",1278,20:5 n-3 (EPA),629,G,0.0
451,"Peach, raw",1279,22:1,630,G,0.0
452,"Peach, raw",1280,22:5 n-3 (DPA),631,G,0.0
453,"Peach, raw",1292,"Fatty acids, total monounsaturated",645,G,0.067
454,"Peach, raw",1293,"Fatty acids, total polyunsaturated",646,G,0.086
455,"Persimmon, raw",1003,Protein,203,G,0.58
456,"Persimmon, raw",1004,Total lipid (fat),204,G,0.19
457,"Persimmon, raw",1005,"Carbohydrate, by difference",205,G,18.59
458,"Persimmon, raw",1008,Energy,208,KCAL,70.0
459,"Persimmon, raw",1018,"Alcohol, ethyl",221,G,0.0
460,"Persimmon, raw",1051,Water,255,G,80.32
461,"Persimmon, raw",1057,Caffeine,262,MG,0.0
462,"Persimmon, raw",1058,Theobromine,263,MG,0.0
463,"Persimmon, raw",2000,"Sugars, total including NLEA",269,G,12.53
464,"Persimmon, raw",1079,"Fiber, total dietary",291,G,3.6
465,"Persimmon, raw",1087,"Calcium, Ca",301,MG,8.0
466,"Persimmon, raw",1089,"Iron, Fe",303,MG,0.15
467,"Persimmon, raw",1090,"Magnesium, Mg",304,MG,9.0
468,"Persimmon, raw",1091,"Phosphorus, P",305,MG,17.0
469,"Persimmon, raw",1092,"Potassium, K",306,MG,161.0
470,"Persimmon, raw",1093,"Sodium, Na",307,MG,1.0
471,"Persimmon, raw",1095,"Zinc, Zn",309,MG,0.11
472,"Persimmon, raw",1098,"Copper, Cu",312,MG,0.113
473,"Persimmon, raw",1103,"Selenium, Se",317,UG,0.6
474,"Persimmon, raw",1105,Retinol,319,UG,0.0
475,"Persimmon, raw",1106,"Vitamin A, RAE",320,UG,81.0
476,"Persimmon, raw",1107,"Carotene, beta",321,UG,253.0
477,"Persimmon, raw",1108,"Carotene, alpha",322,UG,0.0
478,"Persimmon, raw",1109,Vitamin E (alpha-tocopherol),323,MG,0.73
479,"Persimmon, raw",1114,Vitamin D (D2 + D3),328,UG,0.0
480,"Persimmon, raw",1120,"Cryptoxanthin, beta",334,UG,1447.0
481,"Persimmon, raw",1122,Lycopene,337,UG,159.0
482,"Persimmon, raw",1123,Lutein + zeaxanthin,338,UG,834.0
483,"Persimmon, raw",1162,"Vitamin C, total ascorbic acid",401,MG,7.5
484,"Persimmon, raw",1165,Thiamin,404,MG,0.03
485,"Persimmon, raw",1166,Riboflavin,405,MG,0.02
486,"Persimmon, raw",1167,Niacin,406,MG,0.1
487,"Persimmon, raw",1175,Vitamin B-6,415,MG,0.1
488,"Persimmon, raw",1177,"Folate, total",417,UG,8.0
489,"Persimmon, raw",1178,Vitamin B-12,418,UG,0.0
490,"Persimmon, raw",1180,"Choline, total",421,MG,7.6
491,"Persimmon, raw",1185,Vitamin K (phylloquinone),430,UG,2.6
492,"Persimmon, raw",1186,Folic acid,431,UG,0.0
493,"Persimmon, raw",1187,"Folate, food",432,UG,8.0
494,"Persimmon, raw",1190,"Folate, DFE",435,UG,8.0
495,"Persimmon, raw",1242,"Vitamin E, added",573,MG,0.0
496,"Persimmon, raw",1246,"Vitamin B-12, added",578,UG,0.0
497,"Persimmon, raw",1253,Cholesterol,601,MG,0.0
498,"Persimmon, raw",1258,"Fatty acids, total saturated",606,G,0.02
499,"Persimmon, raw",1259,4:0,607,G,0.0
500,"Persimmon, raw",1260,6:0,608,G,0.0
501,"Persimmon, raw",1261,8:0,609,G,0.0
502,"Persimmon, raw",1262,10:0,610,G,0.0
503,"Persimmon, raw",1263,12:0,611,G,0.0
504,"Persimmon, raw",1264,14:0,612,G,0.001
505,"Persimmon, raw",1265,16:0,613,G,0.016
506,"Persimmon, raw",1266,18:0,614,G,0.003
507,"Persimmon, raw",1268,18:1,617,G,0.037
508,"Persimmon, raw",1269,18:2,618,G,0.039
509,"Persimmon, raw",1270,18:3,619,G,0.004
510,"Persimmon, raw",1271,20:4,620,G,0.0
511,"Persimmon, raw",1272,22:6 n-3 (DHA),621,G,0.0
512,"Persimmon, raw",1275,16:1,626,G,0.0
513,"Persimmon, raw",1276,18:4,627,G,0.0
514,"Persimmon, raw",1277,20:1,628,G,0.0
515,"Persimmon, raw",1278,20:5 n-3 (EPA),629,G,0.0
516,"Persimmon, raw",1279,22:1,630,G,0.0
517,"Persimmon, raw",1280,22:5 n-3 (DPA),631,G,0.0
518,"Persimmon, raw",1292,"Fatty acids, total monounsaturated",645,G,0.037
519,"Persimmon, raw",1293,"Fatty acids, total polyunsaturated",646,G,0.043
520,"Strawberries, raw",1003,Protein,203,G,0.67
521,"Strawberries, raw",1004,Total lipid (fat),204,G,0.3
522,"Strawberries, raw",1005,"Carbohydrate, by difference",205,G,7.68
523,"Strawberries, raw",1008,Energy,208,KCAL,32.0
524,"Strawberries, raw",1018,"Alcohol, ethyl",221,G,0.0
525,"Strawberries, raw",1051,Water,255,G,90.95
526,"Strawberries, raw",1057,Caffeine,262,MG,0.0
527,"Strawberries, raw",1058,Theobromine,263,MG,0.0
528,"Strawberries, raw",2000,"Sugars, total including NLEA",269,G,4.89
529,"Strawberries, raw",1079,"Fiber, total dietary",291,G,2.0
530,"Strawberries, raw",1087,"Calcium, Ca",301,MG,16.0
531,"Strawberries, raw",1089,"Iron, Fe",303,MG,0.41
532,"Strawberries, raw",1090,"Magnesium, Mg",304,MG,13.0
533,"Strawberries, raw",1091,"Phosphorus, P",305,MG,24.0
534,"Strawberries, raw",1092,"Potassium, K",306,MG,153.0
535,"Strawberries, raw",1093,"Sodium, Na",307,MG,1.0
536,"Strawberries, raw",1095,"Zinc, Zn",309,MG,0.14
537,"Strawberries, raw",1098,"Copper, Cu",312,MG,0.048
538,"Strawberries, raw",1103,"Selenium, Se",317,UG,0.4
539,"Strawberries, raw",1105,Retinol,319,UG,0.0
540,"Strawberries, raw",1106,"Vitamin A, RAE",320,UG,1.0
541,"Strawberries, raw",1107,"Carotene, beta",321,UG,7.0
542,"Strawberries, raw",1108,"Carotene, alpha",322,UG,0.0
543,"Strawberries, raw",1109,Vitamin E (alpha-tocopherol),323,MG,0.29
544,"Strawberries, raw",1114,Vitamin D (D2 + D3),328,UG,0.0
545,"Strawberries, raw",1120,"Cryptoxanthin, beta",334,UG,0.0
546,"Strawberries, raw",1122,Lycopene,337,UG,0.0
547,"Strawberries, raw",1123,Lutein + zeaxanthin,338,UG,26.0
548,"Strawberries, raw",1162,"Vitamin C, total ascorbic acid",401,MG,58.8
549,"Strawberries, raw",1165,Thiamin,404,MG,0.024
550,"Strawberries, raw",1166,Riboflavin,405,MG,0.022
551,"Strawberries, raw",1167,Niacin,406,MG,0.386
552,"Strawberries, raw",1175,Vitamin B-6,415,MG,0.047
553,"Strawberries, raw",1177,"Folate, total",417,UG,24.0
554,"Strawberries, raw",1178,Vitamin B-12,418,UG,0.0
555,"Strawberries, raw",1180,"Choline, total",421,MG,5.7
556,"Strawberries, raw",1185,Vitamin K (phylloquinone),430,UG,2.2
557,"Strawberries, raw",1186,Folic acid,431,UG,0.0
558,"Strawberries, raw",1187,"Folate, food",432,UG,24.0
559,"Strawberries, raw",1190,"Folate, DFE",435,UG,24.0
560,"Strawberries, raw",1242,"Vitamin E, added",573,MG,0.0
561,"Strawberries, raw",1246,"Vitamin B-12, added",578,UG,0.0
562,"Strawberries, raw",1253,Cholesterol,601,MG,0.0
563,"Strawberries, raw",1258,"Fatty acids, total saturated",606,G,0.015
564,"Strawberries, raw",1259,4:0,607,G,0.0
565,"Strawberries, raw",1260,6:0,608,G,0.0
566,"Strawberries, raw",1261,8:0,609,G,0.0
567,"Strawberries, raw",1262,10:0,610,G,0.0
568,"Strawberries, raw",1263,12:0,611,G,0.0
569,"Strawberries, raw",1264,14:0,612,G,0.0
570,"Strawberries, raw",1265,16:0,613,G,0.012
571,"Strawberries, raw",1266,18:0,614,G,0.003
572,"Strawberries, raw",1268,18:1,617,G,0.042
573,"Strawberries, raw",1269,18:2,618,G,0.09
574,"Strawberries, raw",1270,18:3,619,G,0.065
575,"Strawberries, raw",1271,20:4,620,G,0.0
576,"Strawberries, raw",1272,22:6 n-3 (DHA),621,G,0.0
577,"Strawberries, raw",1275,16:1,626,G,0.001
578,"Strawberries, raw",1276,18:4,627,G,0.0
579,"Strawberries, raw",1277,20:1,628,G,0.0
580,"Strawberries, raw",1278,20:5 n-3 (EPA),629,G,0.0
581,"Strawberries, raw",1279,22:1,630,G,0.0
582,"Strawberries, raw",1280,22:5 n-3 (DPA),631,G,0.0
583,"Strawberries, raw",1292,"Fatty acids, total monounsaturated",645,G,0.043
584,"Strawberries, raw",1293,"Fatty acids, total polyunsaturated",646,G,0.155
585,"Tomatoes, raw",1003,Protein,203,G,0.88
586,"Tomatoes, raw",1004,Total lipid (fat),204,G,0.2
587,"Tomatoes, raw",1005,"Carbohydrate, by difference",205,G,3.89
588,"Tomatoes, raw",1008,Energy,208,KCAL,18.0
589,"Tomatoes, raw",1018,"Alcohol, ethyl",221,G,0.0
590,"Tomatoes, raw",1051,Water,255,G,94.52
591,"Tomatoes, raw",1057,Caffeine,262,MG,0.0
592,"Tomatoes, raw",1058,Theobromine,263,MG,0.0
593,"Tomatoes, raw",2000,"Sugars, total including NLEA",269,G,2.63
594,"Tomatoes, raw",1079,"Fiber, total dietary",291,G,1.2
595,"Tomatoes, raw",1087,"Calcium, Ca",301,MG,10.0
596,"Tomatoes, raw",1089,"Iron, Fe",303,MG,0.27
597,"Tomatoes, raw",1090,"Magnesium, Mg",304,MG,11.0
598,"Tomatoes, raw",1091,"Phosphorus, P",305,MG,24.0
599,"Tomatoes, raw",1092,"Potassium, K",306,MG,237.0
600,"Tomatoes, raw",1093,"Sodium, Na",307,MG,5.0
601,"Tomatoes, raw",1095,"Zinc, Zn",309,MG,0.17
602,"Tomatoes, raw",1098,"Copper, Cu",312,MG,0.059
603,"Tomatoes, raw",1103,"Selenium, Se",317,UG,0.0
604,"Tomatoes, raw",1105,Retinol,319,UG,0.0
605,"Tomatoes, raw",1106,"Vitamin A, RAE",320,UG,42.0
606,"Tomatoes, raw",1107,"Carotene, beta",321,UG,449.0
607,"Tomatoes, raw",1108,"Carotene, alpha",322,UG,101.0
608,"Tomatoes, raw",1109,Vitamin E (alpha-tocopherol),323,MG,0.54
609,"Tomatoes, raw",1114,Vitamin D (D2 + D3),328,UG,0.0
610,"Tomatoes, raw",1120,"Cryptoxanthin, beta",334,UG,0.0
611,"Tomatoes, raw",1122,Lycopene,337,UG,2573.0
612,"Tomatoes, raw",1123,Lutein + zeaxanthin,338,UG,123.0
613,"Tomatoes, raw",1162,"Vitamin C, total ascorbic acid",401,MG,13.7
614,"Tomatoes, raw",1165,Thiamin,404,MG,0.037
615,"Tomatoes, raw",1166,Riboflavin,405,MG,0.019
616,"Tomatoes, raw",1167,Niacin,406,MG,0.594
617,"Tomatoes, raw",1175,Vitamin B-6,415,MG,0.08
618,"Tomatoes, raw",1177,"Folate, total",417,UG,15.0
619,"Tomatoes, raw",1178,Vitamin B-12,418,UG,0.0
620,"Tomatoes, raw",1180,"Choline, total",421,MG,6.7
621,"Tomatoes, raw",1185,Vitamin K (phylloquinone),430,UG,7.9
622,"Tomatoes, raw",1186,Folic acid,431,UG,0.0
623,"Tomatoes, raw",1187,"Folate, food",432,UG,15.0
624,"Tomatoes, raw",1190,"Folate, DFE",435,UG,15.0
625,"Tomatoes, raw",1242,"Vitamin E, added",573,MG,0.0
626,"Tomatoes, raw",1246,"Vitamin B-12, added",578,UG,0.0
627,"Tomatoes, raw",1253,Cholesterol,601,MG,0.0
628,"Tomatoes, raw",1258,"Fatty acids, total saturated",606,G,0.028
629,"Tomatoes, raw",1259,4:0,607,G,0.0
630,"Tomatoes, raw",1260,6:0,608,G,0.0
631,"Tomatoes, raw",1261,8:0,609,G,0.0
632,"Tomatoes, raw",1262,10:0,610,G,0.0
633,"Tomatoes, raw",1263,12:0,611,G,0.0
634,"Tomatoes, raw",1264,14:0,612,G,0.0
635,"Tomatoes, raw",1265,16:0,613,G,0.02
636,"Tomatoes, raw",1266,18:0,614,G,0.008
637,"Tomatoes, raw",1268,18:1,617,G,0.03
638,"Tomatoes, raw",1269,18:2,618,G,0.08
639,"Tomatoes, raw",1270,18:3,619,G,0.003
640,"Tomatoes, raw",1271,20:4,620,G,0.0
641,"Tomatoes, raw",1272,22:6 n-3 (DHA),621,G,0.0
642,"Tomatoes, raw",1275,16:1,626,G,0.001
643,"Tomatoes, raw",1276,18:4,627,G,0.0
644,"Tomatoes, raw",1277,20:1,628,G,0.0
645,"Tomatoes, raw",1278,20:5 n-3 (EPA),629,G,0.0
646,"Tomatoes, raw",1279,22:1,630,G,0.0
647,"Tomatoes, raw",1280,22:5 n-3 (DPA),631,G,0.0
648,"Tomatoes, raw",1292,"Fatty acids, total monounsaturated",645,G,0.031
649,"Tomatoes, raw",1293,"Fatty acids, total polyunsaturated",646,G,0.083
650,"Watermelon, raw",1003,Protein,203,G,0.61
651,"Watermelon, raw",1004,Total lipid (fat),204,G,0.15
652,"Watermelon, raw",1005,"Carbohydrate, by difference",205,G,7.55
653,"Watermelon, raw",1008,Energy,208,KCAL,30.0
654,"Watermelon, raw",1018,"Alcohol, ethyl",221,G,0.0
655,"Watermelon, raw",1051,Water,255,G,91.45
656,"Watermelon, raw",1057,Caffeine,262,MG,0.0
657,"Watermelon, raw",1058,Theobromine,263,MG,0.0
658,"Watermelon, raw",2000,"Sugars, total including NLEA",269,G,6.2
659,"Watermelon, raw",1079,"Fiber, total dietary",291,G,0.4
660,"Watermelon, raw",1087,"Calcium, Ca",301,MG,7.0
661,"Watermelon, raw",1089,"Iron, Fe",303,MG,0.24
662,"Watermelon, raw",1090,"Magnesium, Mg",304,MG,10.0
663,"Watermelon, raw",1091,"Phosphorus, P",305,MG,11.0
664,"Watermelon, raw",1092,"Potassium, K",306,MG,112.0
665,"Watermelon, raw",1093,"Sodium, Na",307,MG,1.0
666,"Watermelon, raw",1095,"Zinc, Zn",309,MG,0.1
667,"Watermelon, raw",1098,"Copper, Cu",312,MG,0.042
668,"Watermelon, raw",1103,"Selenium, Se",317,UG,0.4
669,"Watermelon, raw",1105,Retinol,319,UG,0.0
670,"Watermelon, raw",1106,"Vitamin A, RAE",320,UG,28.0
671,"Watermelon, raw",1107,"Carotene, beta",321,UG,303.0
672,"Watermelon, raw",1108,"Carotene, alpha",322,UG,0.0
673,"Watermelon, raw",1109,Vitamin E (alpha-tocopherol),323,MG,0.05
674,"Watermelon, raw",1114,Vitamin D (D2 + D3),328,UG,0.0
675,"Watermelon, raw",1120,"Cryptoxanthin, beta",334,UG,78.0
676,"Watermelon, raw",1122,Lycopene,337,UG,4532.0
677,"Watermelon, raw",1123,Lutein + zeaxanthin,338,UG,8.0
678,"Watermelon, raw",1162,"Vitamin C, total ascorbic acid",401,MG,8.1
679,"Watermelon, raw",1165,Thiamin,404,MG,0.033
680,"Watermelon, raw",1166,Riboflavin,405,MG,0.021
681,"Watermelon, raw",1167,Niacin,406,MG,0.178
682,"Watermelon, raw",1175,Vitamin B-6,415,MG,0.045
683,"Watermelon, raw",1177,"Folate, total",417,UG,3.0
684,"Watermelon, raw",1178,Vitamin B-12,418,UG,0.0
685,"Watermelon, raw",1180,"Choline, total",421,MG,4.1
686,"Watermelon, raw",1185,Vitamin K (phylloquinone),430,UG,0.1
687,"Watermelon, raw",1186,Folic acid,431,UG,0.0
688,"Watermelon, raw",1187,"Folate, food",432,UG,3.0
689,"Watermelon, raw",1190,"Folate, DFE",435,UG,3.0
690,"Watermelon, raw",1242,"Vitamin E, added",573,MG,0.0
691,"Watermelon, raw",1246,"Vitamin B-12, added",578,UG,0.0
692,"Watermelon, raw",1253,Cholesterol,601,MG,0.0
693,"Watermelon, raw",1258,"Fatty acids, total saturated",606,G,0.016
694,"Watermelon, raw",1259,4:0,607,G,0.0
695,"Watermelon, raw",1260,6:0,608,G,0.0
696,"Watermelon, raw",1261,8:0,609,G,0.0
697,"Watermelon, raw",1262,10:0,610,G,0.001
698,"Watermelon, raw",1263,12:0,611,G,0.001
699,"Watermelon, raw",1264,14:0,612,G,0.0
700,"Watermelon, raw",1265,16:0,613,G,0.008
701,"Watermelon, raw",1266,18:0,614,G,0.006
702,"Watermelon, raw",1268,18:1,617,G,0.037
703,"Watermelon, raw",1269,18:2,618,G,0.05
704,"Watermelon, raw",1270,18:3,619,G,0.0
705,"Watermelon, raw",1271,20:4,620,G,0.0
706,"Watermelon, raw",1272,22:6 n-3 (DHA),621,G,0.0
707,"Watermelon, raw",1275,16:1,626,G,0.0
708,"Watermelon, raw",1276,18:4,627,G,0.0
709,"Watermelon, raw",1277,20:1,628,G,0.0
710,"Watermelon, raw",1278,20:5 n-3 (EPA),629,G,0.0
711,"Watermelon, raw",1279,22:1,630,G,0.0
712,"Watermelon, raw",1280,22:5 n-3 (DPA),631,G,0.0
713,"Watermelon, raw",1292,"Fatty acids, total monounsaturated",645,G,0.037
714,"Watermelon, raw",1293,"Fatty acids, total polyunsaturated",646,G,0.05
